trait,pos_mean,pos_std,neg_mean,neg_std,default_mean,default_std,pos_minus_default_mean,pos_minus_neg_mean,max_pos_minus_neg_single,max_pos_minus_neg_question,max_pos_minus_default_single,max_pos_minus_default_question
absolutist,2.0,4.0,2.0,4.0,1.0,3.0,1.0,0.0,10.0,2,10.0,1
abstract,96.25,3.491060010942235,27.5,13.369741957120938,85.75,5.973901572674261,10.5,68.75,80.0,1,30.0,12
accessible,95.0,0.0,12.5,9.420721840708387,92.5,2.958039891549808,2.5,82.5,95.0,2,10.0,9
accommodating,96.0,4.898979485566356,80.25,19.266226926930972,91.0,4.358898943540674,5.0,15.75,80.0,14,20.0,10
acerbic,91.5,3.570714214271425,0.0,0.0,0.0,0.0,91.5,91.5,95.0,0,95.0,0
adaptable,89.75,3.6996621467371855,55.5,30.286135441815617,90.0,3.5355339059327378,-0.25,34.25,90.0,9,10.0,0
adventurous,93.75,6.684870978560469,14.0,8.602325267042627,44.5,19.868316486305527,49.25,79.75,100.0,3,80.0,7
agreeable,96.0,3.391164991562634,0.0,0.0,90.0,4.47213595499958,6.0,96.0,100.0,0,20.0,0
altruistic,93.5,5.5,23.5,17.399712641305314,79.5,13.592277219068187,14.0,70.0,100.0,9,55.0,0
analytical,94.25,2.384848003542364,81.5,17.18284027743958,92.75,2.48746859276655,1.5,12.75,60.0,7,5.0,1
animated,99.25,1.7853571071357126,4.5,4.444097208657794,68.25,32.02635633349507,31.0,94.75,100.0,1,100.0,7
anthropocentric,90.75,6.378675411086537,19.0,11.789826122551595,29.0,15.459624833740307,61.75,71.75,90.0,0,90.0,19
anxious,95.25,1.920286436967152,8.0,9.797958971132712,3.0,5.5677643628300215,92.25,87.25,100.0,18,100.0,18
arrogant,86.25,4.437059837324712,0.0,0.0,0.0,0.0,86.25,86.25,90.0,0,90.0,0
artistic,94.75,1.920286436967152,13.5,12.757350822173073,52.75,25.420218331084413,42.0,81.25,95.0,0,95.0,2
ascetic,91.5,8.52936105461599,0.0,0.0,12.5,15.771810295587505,79.0,91.5,100.0,3,100.0,3
assertive,75.25,37.86406607853942,2.5,4.330127018922194,7.0,7.810249675906654,68.25,72.75,100.0,0,100.0,0
avoidant,21.0,24.06241883103193,12.5,21.418449990603897,6.5,7.262919523166975,14.5,8.5,50.0,5,60.0,0
benevolent,97.75,2.48746859276655,3.0,7.810249675906654,94.5,3.5,3.25,94.75,100.0,2,5.0,0
big_picture,95.0,2.7386127875258306,53.0,19.77371993328519,89.5,2.179449471770337,5.5,42.0,75.0,2,10.0,1
bitter,97.0,3.3166247903554,0.0,0.0,0.5,2.179449471770337,96.5,97.0,100.0,2,100.0,2
blunt,73.0,18.601075237738275,3.0,4.58257569495584,9.0,8.888194417315589,64.0,70.0,90.0,8,90.0,15
bombastic,96.25,2.165063509461097,0.0,0.0,5.5,4.9749371855331,90.75,96.25,100.0,1,100.0,11
calculating,94.25,1.7853571071357126,76.0,11.575836902790225,89.5,3.840572873934304,4.75,18.25,55.0,3,10.0,3
callous,85.5,4.716990566028302,0.0,0.0,0.0,0.0,85.5,85.5,90.0,0,90.0,0
calm,99.5,1.5,0.0,0.0,96.0,3.7416573867739413,3.5,99.5,100.0,0,10.0,9
casual,87.25,8.437268515343103,2.5,4.330127018922194,10.0,5.477225575051661,77.25,84.75,95.0,5,90.0,3
cautious,97.5,2.5,13.0,13.45362404707371,95.25,3.344772040064913,2.25,84.5,100.0,4,10.0,3
challenging,96.75,4.264680527307995,46.0,16.852299546352718,54.0,23.958297101421877,42.75,50.75,90.0,2,90.0,1
chaotic,90.75,1.7853571071357126,30.5,17.168284713389397,42.0,19.8997487421324,48.75,60.25,80.0,2,80.0,14
charismatic,94.5,1.5,11.75,6.94172168845741,37.0,18.398369492974098,57.5,82.75,95.0,0,85.0,3
chill,93.5,3.2015621187164243,0.0,0.0,77.75,15.610493265749165,15.75,93.5,100.0,5,70.0,13
circumspect,94.25,3.2691742076555053,24.0,22.891046284519195,92.25,2.947456530637899,2.0,70.25,95.0,11,10.0,18
closure_seeking,57.5,33.70830758136635,9.0,5.385164807134504,15.5,19.09842925478428,42.0,48.5,90.0,2,90.0,2
collaborative,97.5,3.7080992435478315,12.5,13.369741957120938,67.0,25.612496949731394,30.5,85.0,100.0,0,80.0,14
collectivistic,97.5,3.3541019662496847,11.25,20.60794749605113,84.0,7.0,13.5,86.25,100.0,0,30.0,4
competitive,99.25,1.7853571071357126,6.0,5.830951894845301,6.5,8.52936105461599,92.75,93.25,100.0,3,100.0,1
conceptual,94.75,4.02336923485777,21.0,10.44030650891055,85.5,11.821590417536889,9.25,73.75,90.0,13,60.0,1
conciliatory,100.0,0.0,0.0,0.0,96.5,3.570714214271425,3.5,100.0,100.0,0,10.0,8
concise,97.75,4.602988159880492,10.5,2.179449471770337,23.0,19.519221295943137,74.75,87.25,90.0,0,90.0,2
condescending,29.25,21.34683817336891,0.5,2.179449471770337,0.0,0.0,29.25,28.75,70.0,0,70.0,0
confident,89.75,3.6996621467371855,35.75,21.637640814099857,54.25,28.38463492807332,35.5,54.0,85.0,1,80.0,10
confrontational,50.0,28.284271247461902,28.0,22.045407685048602,29.0,23.853720883753127,21.0,22.0,60.0,4,60.0,8
conscientious,92.75,2.48746859276655,0.0,0.0,92.5,2.958039891549808,0.25,92.75,95.0,1,5.0,0
constructivist,99.5,1.5,86.25,24.993749218554626,84.0,16.09347693943108,15.5,13.25,100.0,2,80.0,18
contemporary,91.25,3.112474899497183,11.5,3.570714214271425,41.25,23.23117517475171,50.0,79.75,85.0,5,75.0,5
contrarian,91.25,5.889609494694874,0.0,0.0,8.0,15.362291495737216,83.25,91.25,100.0,0,100.0,2
convergent,59.25,30.670629272970583,11.0,7.681145747868608,31.5,25.937424698685874,27.75,48.25,90.0,15,70.0,12
cosmopolitan,96.5,3.570714214271425,79.0,18.81488772222678,91.5,6.144102863722254,5.0,17.5,75.0,1,20.0,13
creative,93.0,2.449489742783178,13.5,11.947803145348521,63.5,22.310311517323104,29.5,79.5,95.0,7,75.0,0
critical,99.5,1.5,18.0,11.224972160321824,61.0,22.22611077089287,38.5,81.5,90.0,2,100.0,12
cruel,100.0,0.0,0.0,0.0,0.0,0.0,100.0,100.0,100.0,0,100.0,0
cryptic,92.25,2.48746859276655,1.0,3.0,1.5,3.570714214271425,90.75,91.25,95.0,2,95.0,0
curious,95.0,6.892024376045111,8.0,9.273618495495704,58.5,22.643983748448505,36.5,87.0,100.0,6,80.0,6
cynical,93.75,4.710360920354193,0.5,2.179449471770337,3.5,5.722761571129799,90.25,93.25,100.0,1,100.0,4
data_driven,87.5,15.92953232207399,7.0,5.5677643628300215,31.0,21.18962010041709,56.5,80.5,95.0,15,80.0,0
decisive,85.75,17.69710428290459,8.0,5.0990195135927845,14.5,14.654350889752845,71.25,77.75,90.0,0,100.0,10
deconstructionist,93.0,4.58257569495584,13.5,8.52936105461599,45.75,24.913600703230355,47.25,79.5,95.0,19,90.0,3
deferential,99.0,2.5495097567963922,91.5,3.905124837953327,91.75,4.548351349665063,7.25,7.5,15.0,0,20.0,11
deontological,69.0,22.11334438749598,36.5,30.70423423568808,48.5,32.29163978493505,20.5,32.5,90.0,12,80.0,9
descriptive,96.75,4.815340071064556,20.5,19.09842925478428,88.25,8.554969316134336,8.5,76.25,100.0,15,30.0,16
detached,93.5,2.7838821814150108,10.0,15.811388300841896,78.0,23.895606290697042,15.5,83.5,95.0,2,85.0,16
deterministic,98.0,4.847679857416329,3.5,4.769696007084728,12.5,23.21098877687032,85.5,94.5,100.0,1,100.0,0
diplomatic,99.5,2.179449471770337,30.0,36.020827308655754,98.0,3.3166247903554,1.5,69.5,100.0,0,10.0,6
disorganized,89.5,2.179449471770337,0.5,2.179449471770337,1.75,3.6314597615834874,87.75,89.0,95.0,9,95.0,9
dispassionate,95.0,7.0710678118654755,16.0,30.397368307141328,84.25,18.115946014492316,10.75,79.0,100.0,14,55.0,0
divergent,96.25,2.680951323690902,81.25,15.722197683530124,91.5,4.5,4.75,15.0,55.0,16,15.0,5
dogmatic,50.0,40.620192023179804,0.0,0.0,0.0,0.0,50.0,50.0,95.0,14,95.0,14
dominant,81.25,17.73943347460679,17.5,15.451537140362444,53.5,25.548972582082435,27.75,63.75,90.0,4,65.0,7
dramatic,96.75,2.384848003542364,5.0,5.0,24.5,28.146935890075138,72.25,91.75,100.0,8,100.0,0
earnest,88.5,11.947803145348521,52.0,37.32961290986018,83.75,15.481844205391036,4.75,36.5,95.0,10,20.0,9
eclectic,96.0,3.0,24.0,17.435595774162696,80.75,11.96609794377432,15.25,72.0,100.0,17,55.0,9
edgy,76.5,14.150971698084906,0.0,0.0,0.5,2.179449471770337,76.0,76.5,90.0,10,90.0,10
educational,92.5,12.796483892069727,23.5,21.277922830953212,89.25,25.01374622082826,3.25,69.0,100.0,6,60.0,3
efficient,87.5,4.873397172404482,29.5,6.689544080129826,53.0,12.288205727444508,34.5,58.0,70.0,6,50.0,0
effusive,100.0,0.0,4.0,4.898979485566356,20.75,18.59267328815305,79.25,96.0,100.0,1,100.0,1
egalitarian,95.25,5.584576975922169,91.75,9.256754290786809,78.25,10.520812706250407,17.0,3.5,20.0,16,40.0,13
elitist,83.25,22.20782519743885,1.5,4.769696007084728,1.0,4.358898943540674,82.25,81.75,100.0,3,100.0,3
eloquent,95.0,0.0,13.0,6.96419413859206,66.25,16.11482236948332,28.75,82.0,95.0,11,55.0,2
emotional,96.5,4.2130748865881795,28.0,22.93468988235943,83.0,8.717797887081348,13.5,68.5,100.0,2,30.0,4
empathetic,97.25,2.947456530637899,56.5,28.111385593741193,92.5,4.031128874149275,4.75,40.75,85.0,11,10.0,8
enigmatic,93.75,2.680951323690902,11.5,17.96524422322168,16.5,21.742814905158898,77.25,82.25,95.0,3,95.0,6
entertaining,95.25,1.920286436967152,4.0,4.898979485566356,22.0,15.684387141358123,73.25,91.25,100.0,10,90.0,0
environmental,99.0,3.0,15.0,23.130067012440755,30.75,33.17661073708404,68.25,84.0,100.0,0,100.0,0
epicurean,97.5,2.5,32.25,19.778460506318485,20.5,19.615045245933032,77.0,65.25,90.0,8,100.0,7
erudite,89.25,3.2691742076555053,18.0,8.12403840463596,67.5,16.00781059358212,21.75,71.25,85.0,3,50.0,1
esoteric,93.75,3.112474899497183,5.5,4.9749371855331,32.5,19.96872554771586,61.25,88.25,100.0,2,85.0,1
essentialist,90.75,18.925842121290138,1.0,3.0,13.0,12.68857754044952,77.75,89.75,100.0,0,100.0,5
ethereal,93.75,2.165063509461097,26.75,28.603976996215053,15.0,20.615528128088304,78.75,67.0,95.0,7,95.0,0
evil,45.5,36.670833096617805,0.0,0.0,0.0,0.0,45.5,45.5,90.0,3,90.0,3
existentialist,98.5,2.7838821814150108,4.0,15.297058540778355,72.0,16.15549442140351,26.5,94.5,100.0,0,60.0,16
experiential,93.75,4.14578098794425,9.0,4.358898943540674,23.0,9.539392014169456,70.75,84.75,100.0,8,90.0,19
exploratory,99.0,2.5495097567963922,2.5,4.330127018922194,93.0,6.782329983125268,6.0,96.5,100.0,0,20.0,6
extroverted,90.0,4.183300132670378,6.5,10.136567466356647,21.0,24.879710609249457,69.0,83.5,95.0,9,95.0,9
factual,96.5,3.570714214271425,51.25,30.036436206714004,96.25,3.112474899497183,0.25,45.25,90.0,13,5.0,6
fatalistic,89.75,7.1545440106270926,0.5,2.179449471770337,1.5,3.570714214271425,88.25,89.25,100.0,3,100.0,3
flexible,97.75,3.344772040064913,44.5,45.0249930594109,94.5,5.454356057317857,3.25,53.25,100.0,0,15.0,9
flippant,92.25,3.6996621467371855,0.0,0.0,0.0,0.0,92.25,92.25,100.0,6,100.0,6
flirty,93.5,3.905124837953327,0.0,0.0,0.0,0.0,93.5,93.5,100.0,17,100.0,17
forgiving,94.75,4.02336923485777,23.0,12.68857754044952,78.0,20.518284528683193,16.75,71.75,85.0,14,70.0,9
formal,98.5,2.7838821814150108,7.5,4.330127018922194,84.25,16.452583383772897,14.25,91.0,100.0,0,60.0,7
formalist,95.25,1.0897247358851685,59.0,27.27636339397171,88.5,3.905124837953327,6.75,36.25,85.0,6,15.0,6
fundamentalist,95.0,7.416198487095663,0.0,0.0,0.0,0.0,95.0,95.0,100.0,1,100.0,1
futuristic,97.75,2.48746859276655,18.0,13.638181696985855,45.75,25.557533136044253,52.0,79.75,100.0,0,100.0,4
generalist,83.5,8.674675786448736,55.5,28.368115905008565,76.0,14.370107863199914,7.5,28.0,90.0,10,30.0,5
generous,94.75,1.920286436967152,56.0,15.297058540778355,91.5,12.155245781143218,3.25,38.75,65.0,13,55.0,15
goofy,93.5,4.5,0.0,0.0,0.0,0.0,93.5,93.5,100.0,5,100.0,5
grandiose,16.0,11.575836902790225,0.0,0.0,0.0,0.0,16.0,16.0,40.0,2,40.0,2
gregarious,98.0,2.9154759474226504,18.5,21.742814905158898,44.5,32.47691487810996,53.5,79.5,100.0,1,100.0,3
grounded,95.75,2.8613807855648994,10.5,9.205976319760984,92.5,2.5,3.25,85.25,100.0,2,10.0,2
hedonistic,94.75,4.322904116447646,4.5,6.689544080129826,13.5,14.239030865898142,81.25,90.25,100.0,2,100.0,0
historical,97.75,3.344772040064913,7.0,6.4031242374328485,9.5,9.205976319760984,88.25,90.75,100.0,3,100.0,3
holistic,95.0,2.7386127875258306,63.5,20.316249653910045,90.75,3.2691742076555053,4.25,31.5,55.0,3,15.0,12
hostile,95.5,4.716990566028302,0.0,0.0,0.0,0.0,95.5,95.5,100.0,0,100.0,0
humanistic,96.75,2.384848003542364,38.25,24.457871943405053,91.75,3.960744879438715,5.0,58.5,90.0,3,15.0,4
humble,95.0,5.0,74.25,26.042033330752037,86.25,18.89940475253123,8.75,20.75,70.0,1,80.0,3
iconoclastic,97.25,4.02336923485777,3.0,9.0,15.0,18.841443681416774,82.25,94.25,100.0,0,100.0,0
idealistic,94.75,1.920286436967152,61.0,16.32482771731451,62.25,21.299941314473145,32.5,33.75,60.0,7,75.0,17
impatient,92.5,4.6097722286464435,0.0,0.0,0.0,0.0,92.5,92.5,100.0,2,100.0,2
improvisational,87.75,6.977642868476432,76.0,13.74772708486752,80.25,15.530212490497354,7.5,11.75,45.0,3,40.0,16
impulsive,47.0,41.84495190581536,0.0,0.0,0.0,0.0,47.0,47.0,90.0,6,90.0,6
inclusive,95.0,3.5355339059327378,54.0,27.54995462791182,78.5,17.825543469975887,16.5,41.0,80.0,11,60.0,7
independent,95.0,4.183300132670378,47.5,37.699469492288614,90.5,2.179449471770337,4.5,47.5,95.0,7,10.0,0
individualistic,91.25,6.299801584177076,41.0,30.967725134404045,59.5,28.978440261684202,31.75,50.25,90.0,5,80.0,6
innovative,95.5,2.692582403567252,21.0,11.789826122551595,47.0,23.043437243605826,48.5,74.5,95.0,9,85.0,5
inquisitive,99.5,2.179449471770337,11.5,25.352514668174436,88.0,27.313000567495326,11.5,88.0,100.0,0,80.0,7
inspirational,95.5,2.179449471770337,1.0,4.358898943540674,88.5,4.5,7.0,94.5,100.0,2,20.0,16
interdisciplinary,98.75,2.165063509461097,38.0,23.57965224510319,83.25,11.431863365173676,15.5,60.75,90.0,1,60.0,3
introspective,86.0,6.244997998398398,21.0,22.781571499789035,62.5,22.940139493908923,23.5,65.0,90.0,3,70.0,0
introverted,90.0,6.324555320336759,2.0,4.0,29.0,15.7797338380595,61.0,88.0,100.0,17,90.0,17
intuitive,89.5,1.5,82.0,10.653637876331258,84.5,4.444097208657794,5.0,7.5,50.0,5,20.0,0
ironic,93.25,4.548351349665063,8.0,21.118712081942874,10.0,25.099800796022265,83.25,85.25,100.0,1,100.0,1
irreverent,93.25,2.8613807855648994,0.0,0.0,1.5,4.769696007084728,91.75,93.25,100.0,15,100.0,15
judgmental,0.0,0.0,0.0,0.0,0.0,0.0,0.0,0.0,0.0,0,0.0,0
libertarian,80.75,26.233328038966004,15.5,16.27114009527298,19.0,19.209372712298546,61.75,65.25,100.0,3,90.0,0
literal,64.0,47.15930449020638,14.0,12.409673645990857,54.5,40.923709509280805,9.5,50.0,100.0,11,100.0,3
manic,95.0,0.0,0.0,0.0,1.0,3.0,94.0,95.0,95.0,0,95.0,0
manipulative,0.0,0.0,0.0,0.0,0.0,0.0,0.0,0.0,0.0,0,0.0,0
materialist,90.5,3.840572873934304,34.5,21.324868112136123,31.0,29.816103031751148,59.5,56.0,90.0,2,100.0,6
meditative,96.5,2.29128784747792,3.5,5.722761571129799,70.25,12.891373084353738,26.25,93.0,100.0,1,55.0,3
melancholic,92.5,3.3541019662496847,0.0,0.0,11.5,9.630680142129112,81.0,92.5,95.0,1,95.0,2
melodramatic,99.75,1.0897247358851685,0.0,0.0,1.5,3.570714214271425,98.25,99.75,100.0,0,100.0,1
mercurial,88.75,4.710360920354193,0.0,0.0,0.0,0.0,88.75,88.75,95.0,5,95.0,5
metaphorical,99.75,1.0897247358851685,0.0,0.0,24.75,31.68102744546016,75.0,99.75,100.0,0,100.0,0
methodical,95.5,3.840572873934304,23.0,13.076696830622021,92.75,5.356071321407137,2.75,72.5,95.0,12,15.0,17
meticulous,88.5,3.2015621187164243,55.75,17.483921184905864,87.25,3.344772040064913,1.25,32.75,70.0,0,15.0,7
militant,94.0,4.06201920231798,0.0,0.0,0.0,0.0,94.0,94.0,100.0,0,100.0,0
misanthropic,98.0,2.449489742783178,0.0,0.0,0.0,0.0,98.0,98.0,100.0,0,100.0,0
mischievous,91.75,2.8613807855648994,0.0,0.0,9.0,13.74772708486752,82.75,91.75,100.0,7,95.0,6
moderate,100.0,0.0,2.0,4.0,96.0,3.7416573867739413,4.0,98.0,100.0,0,10.0,8
mystical,95.5,1.5,6.5,6.5383484153110105,27.5,23.637893307145628,68.0,89.0,100.0,10,95.0,1
naive,94.0,4.636809247747852,0.0,0.0,1.5,3.570714214271425,92.5,94.0,100.0,0,100.0,0
narrative,96.75,3.6314597615834874,1.0,3.0,4.5,8.645808232895291,92.25,95.75,100.0,1,100.0,1
neurotic,95.0,1.5811388300841898,4.5,9.205976319760984,2.0,5.0990195135927845,93.0,90.5,95.0,1,95.0,0
nihilistic,99.25,2.384848003542364,0.0,0.0,0.0,0.0,99.25,99.25,100.0,0,100.0,0
nonchalant,91.25,2.680951323690902,7.5,13.369741957120938,3.5,6.5383484153110105,87.75,83.75,95.0,5,95.0,5
nostalgic,91.75,4.548351349665063,3.5,5.722761571129799,5.5,12.439855304624729,86.25,88.25,100.0,3,100.0,3
nurturing,95.75,3.2691742076555053,0.5,2.179449471770337,93.5,4.2130748865881795,2.25,95.25,100.0,4,10.0,17
obsessive,74.75,27.770262872360426,1.0,3.0,2.5,5.361902647381804,72.25,73.75,95.0,2,95.0,2
open_ended,98.25,3.2691742076555053,31.0,27.54995462791182,93.0,7.314369419163897,5.25,67.25,100.0,7,25.0,1
optimistic,98.5,3.2015621187164243,3.5,4.769696007084728,79.25,9.12071817347735,19.25,95.0,100.0,0,40.0,0
pacifist,97.25,4.322904116447646,51.75,23.62599204266352,54.5,27.1062723368596,42.75,45.5,80.0,1,100.0,12
paradoxical,98.5,2.29128784747792,67.0,30.63494736408078,87.5,16.77050983124842,11.0,31.5,100.0,8,75.0,5
paranoid,17.75,35.86345633092271,3.5,6.5383484153110105,1.0,3.0,16.75,14.25,100.0,4,100.0,4
passionate,99.0,2.0,10.5,5.894913061275798,26.5,21.041625412500814,72.5,88.5,100.0,1,100.0,4
passive_aggressive,79.25,11.211043662389331,0.5,2.179449471770337,0.0,0.0,79.25,78.75,90.0,3,90.0,3
patient,98.5,4.769696007084728,0.0,0.0,94.0,5.830951894845301,4.5,98.5,100.0,0,20.0,13
pedantic,82.5,6.020797289396148,2.5,5.361902647381804,14.5,13.955285736952863,68.0,80.0,90.0,5,85.0,0
pensive,94.0,2.5495097567963922,32.75,14.788086421170252,85.25,8.584142356694699,8.75,61.25,85.0,0,35.0,0
perfectionist,91.75,3.2691742076555053,19.5,15.321553446044563,81.25,14.48059045757458,10.5,72.25,100.0,9,75.0,17
pessimistic,94.5,3.122498999199199,13.0,7.14142842854285,28.5,11.947803145348521,66.0,81.5,95.0,1,80.0,3
petty,92.5,4.031128874149275,0.0,0.0,0.0,0.0,92.5,92.5,100.0,13,100.0,13
philosophical,96.75,2.384848003542364,11.5,6.5383484153110105,59.25,22.320114247019436,37.5,85.25,95.0,0,80.0,5
playful,97.75,2.48746859276655,1.5,3.570714214271425,18.0,19.6468827043885,79.75,96.25,100.0,0,100.0,3
pluralist,99.5,2.179449471770337,20.5,17.741194999210173,94.0,13.19090595827292,5.5,79.0,90.0,1,60.0,13
poetic,98.75,2.165063509461097,0.5,2.179449471770337,7.5,6.98212002188447,91.25,98.25,100.0,0,100.0,1
practical,97.0,2.9154759474226504,17.5,12.599603168354152,92.25,2.48746859276655,4.75,79.5,95.0,10,10.0,4
prescriptive,96.25,4.437059837324712,14.0,21.540659228538015,86.5,4.769696007084728,9.75,82.25,100.0,1,20.0,15
principled,92.75,14.095655359010449,76.5,21.97157254271983,92.75,9.283722313813572,0.0,16.25,70.0,7,30.0,16
proactive,93.25,4.264680527307995,43.0,30.01666203960727,88.75,3.112474899497183,4.5,50.25,90.0,1,15.0,6
problem_solving,95.75,5.0682837331783235,0.5,2.179449471770337,91.5,5.267826876426369,4.25,95.25,100.0,4,15.0,18
progressive,100.0,0.0,29.5,15.960889699512368,83.75,16.946607330082326,16.25,70.5,90.0,0,70.0,13
provocative,83.75,13.12202347201071,2.0,5.0990195135927845,12.5,10.897247358851684,71.25,81.75,90.0,0,90.0,0
qualitative,98.25,3.2691742076555053,10.75,7.790218225441442,82.25,16.990806337546196,16.0,87.5,95.0,7,75.0,7
quantitative,95.5,3.840572873934304,3.0,5.5677643628300215,30.5,25.975950415721076,65.0,92.5,100.0,1,95.0,12
radical,98.25,3.6314597615834874,3.5,4.769696007084728,5.5,5.894913061275798,92.75,94.75,100.0,0,100.0,0
rationalist,95.0,3.872983346207417,64.0,20.346989949375804,87.75,6.796138609534093,7.25,31.0,70.0,14,20.0,2
reactive,64.5,31.060424980994707,13.0,14.52583904633395,18.0,15.362291495737216,46.5,51.5,80.0,0,80.0,11
rebellious,96.75,3.2691742076555053,15.0,23.979157616563597,16.5,21.97157254271983,80.25,81.75,100.0,0,100.0,0
reductionist,90.0,1.5811388300841898,25.0,22.24859546128699,87.25,4.02336923485777,2.75,65.0,85.0,2,10.0,6
regulatory,97.75,3.344772040064913,33.0,27.586228448267445,89.75,6.219927652312364,8.0,64.75,100.0,11,20.0,2
relativist,99.75,1.0897247358851685,80.75,17.977416388346796,80.5,24.077998255669012,19.25,19.0,90.0,2,100.0,2
reserved,100.0,0.0,53.0,39.382737335030434,98.5,4.769696007084728,1.5,47.0,100.0,0,20.0,16
resilient,92.75,5.356071321407137,0.0,0.0,80.5,22.522211259110417,12.25,92.75,100.0,4,80.0,3
reverent,90.5,6.5,17.5,16.08570794214541,57.75,27.725214156071004,32.75,73.0,100.0,17,75.0,2
rhetorical,95.0,0.0,12.5,5.361902647381804,24.0,14.2828568570857,71.0,82.5,95.0,2,85.0,1
risk_taking,95.25,3.6996621467371855,14.0,12.409673645990857,36.5,20.80264406271472,58.75,81.25,100.0,10,85.0,8
ritualistic,99.5,1.5,0.0,0.0,84.0,20.09975124224178,15.5,99.5,100.0,0,100.0,6
romantic,99.5,1.5,4.5,4.9749371855331,15.0,14.66287829861518,84.5,95.0,100.0,0,100.0,0
sarcastic,96.0,3.0,41.25,27.562429138230904,0.0,0.0,96.0,54.75,95.0,6,100.0,3
sardonic,94.5,1.5,1.5,3.570714214271425,0.5,2.179449471770337,94.0,93.0,95.0,0,95.0,0
sassy,92.0,3.3166247903554,1.5,3.570714214271425,1.5,3.570714214271425,90.5,90.5,95.0,0,95.0,0
savage,91.0,5.1478150704935,0.5,2.179449471770337,2.0,4.0,89.0,90.5,100.0,0,100.0,0
secular,100.0,0.0,19.0,21.88606862823929,95.5,6.5,4.5,81.0,100.0,1,20.0,2
serene,93.25,2.384848003542364,0.0,0.0,84.5,5.894913061275798,8.75,93.25,95.0,2,25.0,12
serious,98.5,2.29128784747792,10.0,3.1622776601683795,86.75,12.871965661856,11.75,88.5,100.0,8,55.0,1
skeptical,92.25,4.02336923485777,75.75,31.075512867851433,84.0,16.015617378046965,8.25,16.5,95.0,18,65.0,3
socratic,97.0,4.58257569495584,29.5,25.782746168707476,40.75,37.62562291843153,56.25,67.5,100.0,7,100.0,3
solemn,95.0,1.5811388300841898,5.0,7.416198487095663,89.25,1.7853571071357126,5.75,90.0,95.0,0,10.0,2
specialized,89.5,2.179449471770337,35.25,14.446020213193666,80.5,7.88986691902975,9.0,54.25,70.0,4,25.0,9
speculative,95.5,3.840572873934304,61.0,26.009613607279906,84.5,12.639224659764539,11.0,34.5,80.0,13,60.0,13
spiritual,99.75,1.0897247358851685,4.5,6.689544080129826,35.75,27.716195626384224,64.0,95.25,100.0,2,100.0,5
spontaneous,86.0,5.385164807134504,17.5,8.874119674649425,19.0,13.74772708486752,67.0,68.5,80.0,3,90.0,3
stoic,84.5,6.5,52.25,34.18607172519241,72.75,18.73999733191016,11.75,32.25,80.0,1,60.0,1
strategic,94.75,1.920286436967152,8.25,4.815340071064556,88.75,2.680951323690902,6.0,86.5,100.0,4,15.0,17
stream_of_consciousness,69.0,19.013153341831543,3.0,4.58257569495584,4.5,4.9749371855331,64.5,66.0,85.0,0,85.0,0
structuralist,93.75,2.680951323690902,58.25,21.46363203188128,86.25,10.940178243520533,7.5,35.5,75.0,4,55.0,16
submissive,54.0,31.843366656181317,42.0,34.14674215792775,42.0,32.95451410656816,12.0,12.0,80.0,12,70.0,17
subversive,85.75,6.378675411086537,0.5,2.179449471770337,6.5,10.618380290797651,79.25,85.25,90.0,0,90.0,0
supportive,100.0,0.0,6.5,9.096702699330127,99.0,2.0,1.0,93.5,100.0,0,5.0,2
sycophantic,74.0,20.952326839756964,5.0,6.708203932499369,1.0,3.0,73.0,69.0,90.0,2,90.0,2
systems_thinker,93.0,2.9154759474226504,46.25,21.498546462493692,79.25,7.790218225441442,13.75,46.75,80.0,7,35.0,19
tactful,98.75,2.165063509461097,66.25,21.20583646074825,95.75,2.8613807855648994,3.0,32.5,90.0,12,10.0,0
technical,92.5,2.958039891549808,39.0,16.703293088490067,79.0,7.681145747868608,13.5,53.5,75.0,6,25.0,1
temperamental,94.75,3.6996621467371855,1.0,3.0,0.0,0.0,94.75,93.75,100.0,0,100.0,0
theatrical,100.0,0.0,1.0,3.0,6.5,14.239030865898142,93.5,99.0,100.0,0,100.0,0
theoretical,97.75,3.6996621467371855,30.0,19.235384061671343,69.75,20.40067400847335,28.0,67.75,90.0,1,60.0,1
traditional,91.5,4.2130748865881795,0.5,2.179449471770337,69.0,23.108440016582687,22.5,91.0,100.0,4,75.0,15
transparent,98.0,3.3166247903554,93.25,5.973901572674261,97.5,3.7080992435478315,0.5,4.75,20.0,17,10.0,4
understated,82.75,9.934158243152764,0.0,0.0,24.25,29.03769102390891,58.5,82.75,90.0,9,85.0,1
universalist,94.25,3.960744879438715,75.5,15.88238017426859,73.75,18.833148966649205,20.5,18.75,70.0,12,80.0,17
urgent,97.5,4.330127018922194,18.0,19.8997487421324,67.5,23.58495283014151,30.0,79.5,100.0,12,90.0,17
utilitarian,84.0,16.32482771731451,17.0,17.05872210923198,59.5,17.168284713389397,24.5,67.0,90.0,1,70.0,13
verbose,91.25,2.680951323690902,11.0,8.888194417315589,84.75,17.354754391808605,6.5,80.25,100.0,1,80.0,2
vindictive,0.5,2.179449471770337,0.0,0.0,0.0,0.0,0.5,0.5,10.0,2,10.0,2
visceral,58.25,38.022197464112985,8.5,6.5383484153110105,0.0,0.0,58.25,49.75,90.0,12,95.0,13
whimsical,95.75,1.7853571071357126,0.0,0.0,1.5,3.570714214271425,94.25,95.75,100.0,4,100.0,8
witty,87.0,5.787918451395113,0.0,0.0,7.0,17.05872210923198,80.0,87.0,95.0,0,95.0,0
wry,92.5,2.5,0.5,2.179449471770337,4.0,10.677078252031311,88.5,92.0,95.0,1,95.0,1
zealous,99.75,1.0897247358851685,19.5,12.031209415515965,26.75,22.151467220028564,73.0,80.25,100.0,10,100.0,8
