label,projection,distance
pos_p0_q195,-11.90136768416818,0.015798220937831786
pos_p2_q130,-11.954704275223135,0.037538370117122355
pos_p1_q42,-11.963966012813831,0.04680010770781884
pos_p1_q122,-11.966279837700412,0.04911393259440011
pos_p0_q25,-11.835429305370354,0.08173659973565783
pos_p1_q184,-12.01805146531383,0.1008855602078178
pos_p3_q137,-12.032355855997674,0.1151899508916614
pos_p0_q34,-12.03333742679117,0.11617152168515865
pos_p0_q130,-11.797945608073373,0.11922029703263881
pos_p2_q116,-12.147308747825084,0.23014284271907215
pos_p1_q222,-11.679140622784187,0.23802528232182496
pos_p3_q195,-12.16083739119237,0.2436714860863578
pos_p0_q76,-12.173823760430148,0.25665785532413565
pos_p1_q232,-12.175254551352634,0.2580886462466214
pos_p2_q233,-12.300826136983762,0.3836602318777498
pos_p3_q117,-11.52971088250172,0.38745502260429276
pos_p2_q187,-11.51631740887234,0.4008484962336727
pos_p1_q82,-11.500659194426015,0.4165067106799967
pos_p1_q76,-11.488501650068041,0.4286642550379707
pos_p3_q213,-12.375264619820259,0.45809871471424657
pos_p3_q234,-11.44356543583486,0.47360046927115285
pos_p0_q170,-11.438334017064646,0.4788318880413662
pos_p4_q137,-11.433967557803792,0.48319834730222055
pos_p2_q59,-11.418021546567477,0.4991443585385351
pos_p1_q67,-11.41179493802977,0.5053709670762423
pos_p2_q144,-11.379377583031866,0.537788322074146
pos_p1_q227,-11.377031588155438,0.5401343169505743
pos_p1_q62,-11.37232363781807,0.544842267287942
pos_p2_q139,-12.463649145021929,0.5464832399159167
pos_p1_q158,-11.361272479992879,0.5558934251131333
pos_p3_q91,-12.477714390920308,0.5605484858142962
pos_p2_q167,-11.346922840971626,0.5702430641343863
pos_p2_q235,-12.533842587302592,0.6166766821965801
pos_p0_q199,-11.294006094128688,0.6231598109773238
pos_p2_q229,-12.551665092852785,0.6344991877467727
pos_p2_q45,-12.562761181793052,0.6455952766870396
pos_p1_q115,-11.268414535576998,0.6487513695290144
pos_p1_q208,-12.566058284378585,0.6488923792725725
pos_p1_q149,-11.235806922202984,0.6813589829030278
pos_p0_q133,-12.634048126177126,0.7168822210711134
pos_p3_q194,-12.663452691766766,0.7462867866607539
pos_p0_q230,-12.688483381776061,0.771317476670049
pos_p2_q213,-11.143065729129809,0.7741001759762032
pos_p1_q97,-12.718128674075563,0.8009627689695513
pos_p4_q5,-12.732418971178447,0.8152530660724349
pos_p2_q16,-12.744074486602955,0.8269085814969426
pos_p0_q9,-12.78417169556781,0.867005790461798
pos_p2_q128,-11.034306765929076,0.8828591391769365
pos_p4_q19,-12.801260643517743,0.884094738411731
pos_p3_q57,-11.03248150180723,0.8846844032987828
pos_p0_q59,-10.971160457374797,0.9460054477312152
pos_p2_q64,-10.948939391971553,0.968226513134459
pos_p3_q228,-12.916459481887163,0.9992935767811506
pos_p0_q180,-12.929813635181807,1.0126477300757948
pos_p2_q170,-12.937223122835851,1.020057217729839
pos_p0_q127,-12.949099350736118,1.0319334456301057
pos_p2_q0,-10.883035881896069,1.0341300232099435
pos_p1_q185,-10.868938550069759,1.0482273550362535
pos_p1_q153,-10.862653256574163,1.0545126485318495
pos_p0_q0,-12.988061060785892,1.0708951556798798
pos_p2_q234,-13.003951349574521,1.086785444468509
pos_p3_q0,-13.023347315562763,1.1061814104567507
pos_p0_q132,-10.806745353199195,1.1104205519068167
pos_p2_q37,-10.800903335321049,1.116262569784963
pos_p3_q217,-13.052576476265147,1.1354105711591345
pos_p2_q140,-10.75747473686242,1.159691168243592
pos_p0_q140,-10.722675181619433,1.1944907234865791
pos_p3_q102,-10.705181288779368,1.2119846163266441
pos_p2_q149,-10.691875952472113,1.225289952633899
pos_p2_q109,-13.145168764841708,1.228002859735696
pos_p1_q36,-10.680773427343306,1.2363924777627062
pos_p2_q93,-13.161550047335036,1.2443841422290234
pos_p0_q113,-13.172024862877615,1.254858957771603
pos_p1_q133,-13.185992009635621,1.2688261045296088
pos_p0_q41,-13.229091891514605,1.3119259864085926
pos_p0_q52,-10.578115502467035,1.3390504026389767
pos_p0_q2,-13.256690096622073,1.3395241915160607
pos_p2_q50,-13.27749641834883,1.3603305132428183
pos_p3_q237,-10.551842132550838,1.3653237725551737
pos_p1_q157,-10.544876059910857,1.372289845195155
pos_p0_q31,-13.306289011537341,1.3891231064313292
pos_p1_q193,-10.49612525785442,1.4210406472515924
pos_p0_q183,-13.344069245416188,1.4269033403101758
pos_p2_q226,-10.476413652411434,1.440752252694578
pos_p1_q91,-13.385100726345232,1.4679348212392203
pos_p1_q120,-13.410204523229963,1.4930386181239506
pos_p2_q148,-10.339480486812743,1.5776854182932691
pos_p0_q111,-10.312464214224141,1.6047016908818712
pos_p0_q57,-10.310407941548062,1.6067579635579499
pos_p3_q64,-13.553445374415208,1.636279469309196
pos_p2_q92,-13.744463480583633,1.8272975754776208
pos_p3_q63,-13.775705221294293,1.8585393161882813
pos_p2_q230,-10.024615345104523,1.8925505600014887
pos_p1_q199,-13.822582484165808,1.9054165790597963
pos_p3_q56,-9.994939012375362,1.9222268927306505
pos_p2_q103,-9.963185801150159,1.9539801039558533
pos_p2_q196,-9.897396049418962,2.0197698556870503
pos_p3_q99,-9.890463105471103,2.0267027996349096
pos_p1_q47,-13.951269014894594,2.0341031097885818
pos_p3_q197,-9.861799651573575,2.055366253532437
pos_p0_q50,-9.858885430115265,2.058280474990747
pos_p0_q174,-9.850079209201422,2.0670866959045906
pos_p2_q11,-13.989733265333863,2.0725673602278505
pos_p2_q2,-13.992006193607512,2.0748402885015
pos_p3_q116,-14.014203922982535,2.097038017876523
pos_p0_q185,-14.072820074157967,2.155654169051955
pos_p3_q2,-9.657335774802394,2.2598301303036177
pos_p2_q12,-9.639118063927071,2.2780478411789407
pos_p0_q165,-14.201927359267849,2.2847614541618366
pos_p4_q234,-9.560513951303948,2.3566519538020643
pos_p0_q135,-9.508747321722216,2.4084185833837957
pos_p0_q110,-9.494723967236816,2.4224419378691966
pos_p1_q116,-9.489554130061022,2.4276117750449906
pos_p2_q214,-14.350573415424781,2.4334075103187693
pos_p1_q111,-9.457559302872223,2.459606602233789
pos_p2_q174,-14.377674263051814,2.460508357945802
pos_p1_q11,-9.44596406156872,2.471201843537292
pos_p1_q54,-9.395236815540414,2.5219290895655977
pos_p2_q55,-14.457873049654795,2.540707144548783
pos_p1_q234,-9.36491544620137,2.5522504589046413
pos_p2_q99,-14.477320114024554,2.560154208918542
pos_p0_q197,-14.528324026538677,2.6111581214326645
pos_p0_q105,-14.53429169815788,2.6171257930518674
pos_p2_q133,-14.567540025394884,2.6503741202888715
pos_p0_q200,-9.265431358036274,2.651734547069738
pos_p1_q167,-14.56941473570668,2.6522488306006675
pos_p2_q185,-14.586967270814313,2.6698013657083006
pos_p1_q205,-9.232523349656034,2.6846425554499778
pos_p1_q57,-9.231259359198804,2.6859065459072085
pos_p0_q232,-9.226712367358024,2.690453537747988
pos_p1_q5,-14.617451642610774,2.700285737504762
pos_p3_q5,-14.632042910318175,2.7148770052121627
pos_p0_q237,-9.17492425559885,2.7422416495071626
pos_p4_q231,-14.663815739674446,2.7466498345684336
pos_p3_q74,-9.170104264827424,2.747061640278588
pos_p0_q145,-14.668691921150112,2.7515260160440995
pos_p2_q161,-14.69240144412086,2.7752355390148473
pos_p0_q103,-14.700653806706379,2.783487901600367
pos_p1_q29,-9.124693445542738,2.7924724595632746
pos_p1_q177,-14.739077116840171,2.821911211734159
pos_p0_q160,-9.049961187165447,2.867204717940565
pos_p0_q23,-14.791411482969233,2.8742455778632205
pos_p0_q102,-9.031841245020185,2.8853246600858267
pos_p3_q119,-14.810859244791422,2.8936933396854094
pos_p1_q140,-9.00398036352144,2.9131855415845713
pos_p4_q183,-8.992776504647052,2.92438940045896
pos_p2_q51,-8.972969901649064,2.9441960034569483
pos_p0_q107,-8.937727489956009,2.9794384151500033
pos_p0_q189,-8.931870016776683,2.985295888329329
pos_p1_q200,-14.905475331809093,2.988309426703081
pos_p4_q203,-14.906754415220819,2.9895885101148068
pos_p2_q177,-14.925209809969344,3.0080439048633316
pos_p3_q8,-8.869671360908399,3.0474945441976136
pos_p0_q117,-14.981211557272353,3.0640456521663406
pos_p0_q77,-8.852313322576853,3.0648525825291593
pos_p0_q96,-14.994367344332268,3.077201439226256
pos_p4_q195,-8.831447386554933,3.0857185185510794
pos_p2_q36,-15.0361986609599,3.1190327558538886
pos_p1_q19,-8.794835920371181,3.122329984734831
pos_p0_q16,-15.03974455794336,3.1225786528373476
pos_p1_q146,-15.060551088265003,3.1433851831589905
pos_p2_q1,-8.764691259689842,3.15247464541617
pos_p2_q83,-15.093390401298509,3.1762244961924964
pos_p3_q189,-8.700977762489822,3.21618814261619
pos_p0_q67,-8.691887692872367,3.225278212233645
pos_p4_q49,-8.646706561691516,3.2704593434144957
pos_p1_q221,-15.221071755934057,3.3039058508280448
pos_p2_q9,-8.59692359085577,3.320242314250242
pos_p0_q21,-8.52195088422259,3.3952150208834215
pos_p3_q140,-15.326827633975647,3.4096617288696347
pos_p2_q145,-8.506527714826476,3.4106381902795366
pos_p2_q4,-15.360414473907971,3.443248568801959
pos_p2_q150,-8.442245062554395,3.474920842551617
pos_p3_q222,-8.422288843471327,3.4948770616346856
pos_p2_q82,-8.422260996744548,3.4949049083614643
pos_p1_q59,-15.433308514952461,3.516142609846449
pos_p2_q197,-8.390660052179033,3.526505852926979
pos_p0_q166,-15.452997200643411,3.535831295537399
pos_p1_q35,-8.369786364872125,3.5473795402338872
pos_p3_q139,-8.353328206902919,3.563837698203093
pos_p2_q181,-15.499645608245425,3.5824797031394127
pos_p3_q34,-8.324937668122544,3.592228236983468
pos_p1_q28,-15.535985550666135,3.618819645560123
pos_p0_q213,-8.271259933471299,3.645905971634713
pos_p3_q100,-8.268082083103018,3.6490838220029946
pos_p2_q57,-8.243749818657827,3.673416086448185
pos_p1_q96,-15.608191581376376,3.691025676270364
pos_p3_q223,-8.209080051926463,3.708085853179549
pos_p4_q167,-8.19105629507842,3.726109610027592
pos_p1_q228,-15.65091311857477,3.7337472134687584
pos_p3_q174,-8.16904884428022,3.748117060825793
pos_p2_q7,-15.674209558971762,3.7570436538657503
pos_p1_q51,-8.158967755771757,3.7581981493342553
pos_p0_q15,-15.722832399128592,3.8056664940225797
pos_p3_q180,-15.734547685036949,3.817381779930937
pos_p0_q227,-8.086752832886358,3.8304130722196543
pos_p3_q236,-8.069163191383943,3.848002713722069
pos_p0_q95,-8.068865620206155,3.8483002848998566
pos_p2_q60,-8.021564560437175,3.8956013446688367
pos_p0_q11,-8.015203702106065,3.901962202999947
pos_p2_q32,-8.01493955368761,3.9022263514184026
pos_p4_q165,-8.003873799492869,3.9132921056131433
pos_p1_q43,-7.977713909215506,3.939451995890506
pos_p1_q125,-15.891576329025147,3.974410423919135
pos_p0_q142,-7.936109081201295,3.9810568239047175
pos_p1_q65,-15.921695086463664,4.004529181357652
pos_p1_q112,-7.886399677410404,4.030766227695608
pos_p4_q74,-7.881530153322496,4.035635751783516
pos_p1_q37,-7.878310861271578,4.038855043834434
pos_p4_q56,-15.957610923264197,4.040445018158184
pos_p2_q118,-15.971875026816473,4.054709121710461
pos_p2_q239,-7.8275169019640485,4.089649003141964
pos_p1_q50,-7.817924973985109,4.099240931120903
pos_p4_q190,-7.742185924385138,4.174979980720874
pos_p4_q2,-7.725779495619728,4.1913864094862845
pos_p3_q170,-7.7105851589400025,4.20658074616601
pos_p2_q199,-16.183032229040748,4.265866323934736
pos_p0_q116,-7.635647412386648,4.281518492719364
pos_p0_q14,-7.624761438518831,4.292404466587181
pos_p2_q74,-16.215251459418038,4.298085554312026
pos_p2_q63,-16.23478537949242,4.317619474386406
pos_p0_q157,-7.578010044087621,4.339155861018392
pos_p0_q13,-16.26148366595332,4.344317760847309
pos_p3_q66,-16.263373536678188,4.346207631572176
pos_p1_q23,-7.566740256885102,4.35042564822091
pos_p4_q179,-16.291867286008095,4.374701380902083
pos_p2_q138,-7.521716777408061,4.395449127697951
pos_p2_q58,-16.323281094545003,4.4061151894389905
pos_p2_q132,-7.482070357907204,4.4350955471988085
pos_p1_q95,-7.476695218366791,4.440470686739221
pos_p2_q101,-16.361398955164972,4.44423305005896
pos_p3_q229,-7.4531140728395675,4.464051832266445
pos_p2_q69,-7.439970368726152,4.477195536379861
pos_p0_q155,-7.437760282409913,4.479405622696099
pos_p0_q233,-7.395437317146589,4.521728587959423
pos_p2_q13,-16.459106360835467,4.5419404557294545
pos_p2_q152,-7.36971147599782,4.547454429108192
pos_p0_q192,-7.368009500926992,4.54915640417902
pos_p0_q207,-16.488469561040237,4.571303655934225
pos_p2_q97,-16.506097328737873,4.588931423631861
pos_p0_q46,-7.250905040547063,4.666260864558949
pos_p0_q223,-16.59721649766057,4.680050592554556
pos_p3_q133,-7.234687388693494,4.682478516412518
pos_p4_q236,-7.227527938450584,4.689637966655428
pos_p1_q237,-7.215199300112986,4.701966604993026
pos_p2_q96,-16.63634413946757,4.719178234361559
pos_p2_q151,-7.179854119757557,4.737311785348455
pos_p4_q42,-16.67523103152351,4.758065126417497
pos_p4_q97,-7.103937756796856,4.813228148309157
pos_p0_q152,-7.096795602053488,4.820370303052524
pos_p2_q200,-16.762939706327685,4.845773801221673
pos_p2_q18,-7.034206996928014,4.882958908177998
pos_p1_q4,-7.022315386057944,4.8948505190480684
pos_p4_q39,-7.010478790293796,4.906687114812216
pos_p0_q159,-6.983368526447096,4.933797378658916
pos_p2_q157,-16.880431965700307,4.963266060594295
pos_p4_q184,-6.935113403406031,4.9820525016999815
pos_p2_q21,-16.941663285098617,5.024497379992605
pos_p0_q226,-6.887005910989894,5.030159994116119
pos_p2_q39,-16.97979986094972,5.062633955843706
pos_p3_q173,-16.98090909900711,5.063743193901098
pos_p0_q214,-17.010963302309506,5.093797397203494
pos_p2_q49,-17.066075975955755,5.148910070849743
pos_p2_q31,-6.7567487721459525,5.16041713296006
pos_p3_q59,-6.739685157906038,5.177480747199974
pos_p1_q104,-6.723754607504641,5.193411297601371
pos_p4_q124,-17.117713385642574,5.200547480536562
pos_p4_q64,-6.694536625938548,5.222629279167464
pos_p0_q22,-6.680414006377487,5.236751898728525
pos_p2_q87,-6.656105624327298,5.261060280778715
pos_p3_q112,-6.577319890984018,5.339846014121994
pos_p4_q177,-6.5747907057377875,5.342375199368225
pos_p2_q193,-6.534729024257585,5.382436880848427
pos_p0_q131,-17.304164266468735,5.386998361362723
pos_p0_q91,-17.30524541674381,5.388079511637796
pos_p2_q40,-17.3262051691187,5.409039264012689
pos_p0_q115,-17.32751693482095,5.410351029714937
pos_p2_q184,-6.504521696605115,5.412644208500897
pos_p1_q71,-6.4896634504195045,5.427502454686508
pos_p2_q15,-17.346193151696284,5.429027246590271
pos_p3_q185,-6.399372862107029,5.517793042998983
pos_p2_q115,-6.386130942055643,5.531034963050369
pos_p1_q39,-6.37518013522512,5.541985769880892
pos_p2_q22,-6.372904677286127,5.544261227819885
pos_p2_q117,-6.3648822077155955,5.552283697390417
pos_p2_q46,-6.355410272321165,5.561755632784847
pos_p0_q153,-6.334986046869289,5.5821798582367235
pos_p2_q86,-6.324876753072875,5.592289152033137
pos_p1_q68,-6.31693646889561,5.600229436210403
pos_p2_q23,-17.520639979333804,5.603474074227792
pos_p3_q78,-6.307310244980753,5.609855660125259
pos_p0_q193,-6.3021514385768365,5.615014466529176
pos_p0_q106,-6.2818670720491925,5.63529883305682
pos_p0_q171,-17.56219947928768,5.645033574181669
pos_p3_q169,-17.57159729159487,5.654431386488858
pos_p3_q220,-6.259499048272737,5.657666856833275
pos_p0_q154,-6.217792376206712,5.6993735288993
pos_p1_q83,-6.2089982875940155,5.708167617511997
pos_p3_q31,-6.1927271068236855,5.724438798282327
pos_p1_q25,-6.17459173787157,5.742574167234443
pos_p4_q174,-17.68054101944976,5.763375114343747
pos_p1_q60,-17.683114859133585,5.765948954027573
pos_p2_q155,-6.145927670438447,5.771238234667565
pos_p2_q186,-17.73159360181772,5.814427696711709
pos_p3_q14,-17.74102615115568,5.823860246049668
pos_p0_q194,-6.073363213096715,5.843802692009297
pos_p0_q35,-17.767207025738074,5.850041120632062
pos_p0_q58,-17.796223759309665,5.879057854203653
pos_p2_q43,-17.847418005428164,5.930252100322152
pos_p3_q62,-5.968277469213423,5.948888435892589
pos_p0_q228,-5.951994083177809,5.9651718219282035
pos_p2_q25,-5.897801121652123,6.019364783453889
pos_p1_q207,-5.74326631489828,6.173899590207732
pos_p1_q178,-18.110228601169133,6.193062696063121
pos_p0_q151,-5.722211726848308,6.194954178257704
pos_p2_q227,-18.116159857518507,6.198993952412495
pos_p0_q188,-5.706490584660221,6.210675320445791
pos_p2_q195,-18.14104120035308,6.223875295247067
pos_p0_q216,-18.144426101707396,6.227260196601383
pos_p2_q77,-5.685609996240888,6.231555908865124
pos_p3_q97,-18.197841349792423,6.280675444686411
pos_p1_q132,-5.619764059413693,6.2974018456923195
pos_p0_q73,-18.24508332041405,6.327917415308038
pos_p2_q71,-18.26375635099817,6.34659044589216
pos_p2_q76,-18.269807105694518,6.352641200588506
pos_p2_q110,-5.558549580144651,6.358616324961361
pos_p2_q208,-18.282304735211838,6.365138830105826
pos_p1_q9,-5.523617247695818,6.393548657410194
pos_p1_q217,-5.5116691652257455,6.405496739880267
pos_p0_q208,-18.350495220575247,6.433329315469235
pos_p1_q21,-5.441779255620083,6.475386649485929
pos_p1_q213,-5.397041227403223,6.520124677702789
pos_p1_q114,-18.459898769433686,6.542732864327673
pos_p0_q204,-18.476403505583594,6.559237600477582
pos_p3_q73,-18.48798120844212,6.570815303336106
pos_p0_q150,-5.310930106531819,6.606235798574193
pos_p3_q121,-18.572034920121105,6.654869015015093
pos_p3_q60,-18.574797550303355,6.657631645197343
pos_p0_q1,-5.256441976561021,6.660723928544991
pos_p1_q46,-5.2307834756210125,6.686382429485
pos_p1_q130,-5.22889495057504,6.688270954530972
pos_p0_q220,-18.61324557086314,6.696079665757127
pos_p2_q24,-5.205660081220783,6.711505823885229
pos_p1_q226,-5.20024144133487,6.716924463771142
pos_p1_q32,-5.195139984632741,6.722025920473271
pos_p2_q127,-18.643908571692286,6.726742666586274
pos_p3_q227,-5.136676593173087,6.780489311932925
pos_p1_q204,-5.130346042841556,6.786819862264456
pos_p0_q27,-5.106775498025584,6.810390407080428
pos_p1_q209,-18.73754442216785,6.8203785170618385
pos_p0_q28,-18.739595815082218,6.822429909976206
pos_p2_q210,-5.088752786692082,6.8284131184139305
pos_p1_q202,-5.053397962239924,6.8637679428660885
pos_p2_q54,-5.025563696091939,6.891602209014073
pos_p2_q191,-5.011964886413671,6.905201018692341
pos_p2_q153,-5.009718499420827,6.907447405685185
pos_p0_q222,-18.835604711714602,6.91843880660859
pos_p1_q171,-4.992406832927668,6.924759072178344
pos_p3_q95,-4.978218458505017,6.938947446600995
pos_p1_q31,-4.968665355701524,6.948500549404488
pos_p2_q205,-4.934683409613559,6.982482495492453
pos_p4_q47,-4.9092876293627175,7.007878275743295
pos_p0_q4,-4.884743919611345,7.0324219854946675
pos_p1_q1,-4.805678499801749,7.111487405304263
pos_p4_q38,-4.794561675153793,7.122604229952219
pos_p1_q189,-4.760620980769041,7.156544924336971
pos_p3_q104,-19.115893473445084,7.198727568339072
pos_p4_q127,-19.122946149922207,7.205780244816195
pos_p2_q67,-19.147095772322135,7.229929867216123
pos_p2_q164,-4.685777477938084,7.2313884271679285
pos_p1_q220,-4.650470653385542,7.26669525172047
pos_p2_q232,-19.19241925685385,7.275253351747837
pos_p2_q52,-4.638193542491552,7.27897236261446
pos_p0_q100,-19.240433363979772,7.32326745887376
pos_p3_q239,-4.561262339481264,7.3559035656247485
pos_p1_q214,-4.514680989403358,7.402484915702654
pos_p4_q176,-19.32006004549785,7.4028941403918385
pos_p2_q166,-4.489927336776835,7.4272385683291775
pos_p0_q187,-19.347579902006217,7.430413996900205
pos_p0_q201,-4.4631667816232214,7.453999123482791
pos_p1_q174,-19.406882238964666,7.489716333858654
pos_p0_q29,-4.424209006603321,7.492956898502691
pos_p2_q219,-19.417516376617147,7.500350471511135
pos_p1_q170,-19.42093299123805,7.503767086132038
pos_p3_q27,-4.393588142778399,7.523577762327613
pos_p0_q44,-4.3665128389271475,7.550653066178865
pos_p3_q83,-19.469404583843428,7.552238678737416
pos_p2_q189,-4.301979009693521,7.615186895412491
pos_p2_q122,-19.554038323757553,7.63687241865154
pos_p1_q186,-19.579080000617253,7.661914095511241
pos_p3_q109,-19.62991607901987,7.712750173913859
pos_p1_q58,-4.175068602134198,7.742097302971814
pos_p3_q37,-4.138797049646169,7.778368855459843
pos_p0_q83,-19.710915868828668,7.7937499637226555
pos_p0_q72,-4.106072167384758,7.811093737721254
pos_p4_q99,-19.75165086385079,7.834484958744779
pos_p4_q178,-4.073087776271778,7.8440781288342345
pos_p1_q230,-4.066084642875302,7.85108126223071
pos_p0_q36,-19.774235218586796,7.857069313480784
pos_p0_q123,-4.0515928060552495,7.865573099050763
pos_p4_q36,-4.003400251047374,7.913765654058638
pos_p3_q96,-19.834009357126924,7.916843452020911
pos_p2_q158,-19.85144707527493,7.9342811701689175
pos_p3_q230,-3.969837583777081,7.947328321328931
pos_p1_q109,-19.886099796121975,7.968933891015963
pos_p3_q111,-19.894279293797748,7.977113388691736
pos_p3_q113,-3.9255894419102835,7.991576463195729
pos_p4_q120,-3.804682254730557,8.112483650375456
pos_p0_q53,-3.7715060498644055,8.145659855241608
pos_p3_q122,-20.0852855747127,8.168119669606687
pos_p2_q28,-20.10092984841794,8.183763943311929
pos_p0_q143,-3.6040977362784794,8.313068168827533
pos_p4_q18,-20.231916667536535,8.314750762430522
pos_p2_q34,-3.5793246464527706,8.337841258653242
pos_p3_q178,-20.257453343223144,8.340287438117132
pos_p2_q142,-3.530736606863465,8.386429298242547
pos_p3_q114,-20.303952880317794,8.386786975211782
pos_p2_q163,-3.5100560821388798,8.407109822967133
pos_p3_q55,-3.5036579017493255,8.413508003356686
pos_p4_q112,-3.4248110889354484,8.492354816170565
pos_p2_q113,-3.419848275030052,8.49731763007596
pos_p1_q102,-3.4100957328353516,8.50707017227066
pos_p1_q85,-3.394537406751652,8.52262849835436
pos_p1_q69,-3.3827358607151754,8.534430044390836
pos_p1_q235,-3.380022630654216,8.537143274451797
pos_p2_q188,-3.3157408834215896,8.601425021684422
pos_p2_q105,-3.312408624778042,8.60475728032797
pos_p4_q66,-3.3061537214695274,8.611012183636484
pos_p3_q44,-3.296303318807083,8.62086258629893
pos_p2_q237,-20.588237487626124,8.671071582520112
pos_p0_q104,-20.59306058220678,8.675894677100766
pos_p4_q228,-3.21508563414295,8.702080270963062
pos_p3_q48,-20.63692354084054,8.71975763573453
pos_p3_q233,-3.175015369161585,8.742150535944427
pos_p0_q85,-20.66566339380275,8.748497488696737
pos_p0_q191,-3.156408353821394,8.760757551284618
pos_p1_q0,-3.153045182888044,8.764120722217967
pos_p0_q68,-3.151000218900019,8.766165686205994
pos_p1_q156,-3.14598201819117,8.771183886914843
pos_p1_q87,-20.736861251701686,8.819695346595674
pos_p3_q87,-20.750867379395988,8.833701474289976
pos_p1_q160,-3.0405858292184984,8.876580075887514
pos_p1_q18,-20.8109955574173,8.893829652311288
pos_p0_q202,-3.0122226066380553,8.904943298467957
pos_p0_q87,-20.849471121651117,8.932305216545105
pos_p0_q217,-2.979132014953226,8.938033890152786
pos_p0_q158,-20.86425105832661,8.947085153220597
pos_p2_q156,-2.9619087792873526,8.95525712581866
pos_p1_q144,-2.9415410906943444,8.975624814411667
pos_p3_q216,-20.951665943564844,9.034500038458832
pos_p0_q168,-2.8649629800574243,9.052202925048588
pos_p3_q165,-20.994673951923133,9.07750804681712
pos_p1_q183,-21.01116171031726,9.093995805211248
pos_p1_q94,-2.810423990799286,9.106741914306726
pos_p0_q101,-21.032002075855296,9.114836170749284
pos_p3_q226,-2.794582566705512,9.1225833384005
pos_p2_q168,-2.7895898304247155,9.127576074681297
pos_p1_q142,-2.774797853091591,9.14236805201442
pos_p0_q43,-21.060794578209514,9.143628673103501
pos_p3_q82,-2.760225112128919,9.156940792977093
pos_p0_q156,-2.7585946712956426,9.15857123381037
pos_p2_q72,-2.7520450779157293,9.165120827190282
pos_p3_q19,-21.101696835560674,9.184530930454661
pos_p1_q33,-2.6845425529318243,9.232623352174187
pos_p4_q92,-2.6753687489083537,9.24179715619766
pos_p1_q63,-21.161347445270906,9.244181540164893
pos_p3_q160,-2.641201275512161,9.275964629593851
pos_p3_q186,-21.295197589420404,9.378031684314392
pos_p2_q222,-21.312919088738678,9.395753183632666
pos_p3_q232,-21.32226817092996,9.405102265823947
pos_p0_q239,-21.331413966634354,9.414248061528342
pos_p1_q181,-2.481068197988395,9.436097707117618
pos_p1_q74,-21.37506813117965,9.457902226073637
pos_p4_q199,-2.434776833974925,9.482389071131088
pos_p4_q180,-2.4316693931328244,9.485496511973189
pos_p0_q19,-21.44567039067807,9.528504485572059
pos_p1_q53,-2.3885494794796553,9.528616425626357
pos_p0_q69,-2.361409982282547,9.555755922823465
pos_p0_q128,-2.3556166263984304,9.56154927870758
pos_p1_q165,-21.497647342987488,9.580481437881476
pos_p3_q183,-21.51599507052159,9.598829165415578
pos_p0_q205,-21.52770303736738,9.610537132261369
pos_p4_q119,-2.292970314150773,9.624195590955239
pos_p4_q13,-2.2550359233556114,9.6621299817504
pos_p0_q71,-2.2545960440543977,9.662569861051615
pos_p1_q113,-21.585499235525877,9.668333330419864
pos_p2_q220,-2.2017769163671836,9.715388988738829
pos_p0_q182,-2.165086435293101,9.75207946981291
pos_p0_q86,-2.152559642048239,9.764606263057773
pos_p2_q14,-21.690588133192342,9.77342222808633
pos_p1_q117,-2.0962867508570624,9.82087915424895
pos_p0_q122,-21.75866711598785,9.84150121088184
pos_p1_q135,-2.0495084560099905,9.867657449096022
pos_p2_q125,-21.857851475441578,9.940685570335566
pos_p3_q214,-1.9566935831143757,9.960472321991636
pos_p2_q204,-21.932508198844168,10.015342293738156
pos_p4_q3,-21.946278722516478,10.029112817410466
pos_p2_q33,-1.808655450889045,10.108510454216967
pos_p1_q7,-1.8004786079924788,10.116687297113533
pos_p1_q233,-22.04060093524631,10.123435030140298
pos_p4_q73,-1.7792359754613916,10.13792992964462
pos_p3_q191,-1.7340285896325407,10.183137315473472
pos_p2_q90,-1.723194283575048,10.193971621530965
pos_p0_q8,-22.136087579662735,10.218921674556723
pos_p1_q119,-22.177209421815096,10.260043516709084
pos_p1_q176,-22.181431080212942,10.26426517510693
pos_p4_q207,-1.6337493432336212,10.283416561872391
pos_p2_q44,-1.6194089202559732,10.29775698485004
pos_p1_q169,-1.5865988264792206,10.330567078626792
pos_p3_q207,-22.25121067889072,10.334044773784706
pos_p1_q143,-1.5660347673979855,10.351131137708027
pos_p1_q152,-1.507002742916826,10.410163162189185
pos_p4_q114,-1.5041169391770357,10.413048965928976
pos_p1_q27,-1.4758554484268323,10.44131045667918
pos_p0_q139,-22.432321389369534,10.515155484263522
pos_p3_q124,-22.609621226049622,10.69245532094361
pos_p1_q239,-22.661107560144476,10.743941655038464
pos_p1_q41,-1.1646229183088856,10.752542986797126
pos_p2_q112,-22.687840092855268,10.770674187749256
pos_p4_q144,-1.1208756368805155,10.796290268225496
pos_p2_q114,-22.754474743062744,10.837308837956732
pos_p3_q204,-0.9800575727950287,10.937108332310984
pos_p4_q113,-0.9796565567483756,10.937509348357636
pos_p1_q196,-0.9348955287331708,10.982270376372842
pos_p2_q123,-0.9182194291713202,10.998946475934693
pos_p1_q155,-0.8961131698029954,11.021052735303016
pos_p4_q89,-23.00282566711393,11.08565976200792
pos_p4_q227,-0.8142950005140956,11.102870904591917
pos_p2_q47,-23.087132578616938,11.169966673510926
pos_p1_q80,-0.670469018166175,11.246696886939837
pos_p1_q137,-23.17753905821033,11.260373153104316
pos_p4_q121,-0.6558646759321282,11.261301229173885
pos_p3_q29,-0.646823978055537,11.270341927050476
pos_p2_q108,-0.6448942590659177,11.272271646040094
pos_p1_q190,-23.238064101812697,11.320898196706684
pos_p1_q182,-0.5924902233460391,11.324675681759974
pos_p0_q163,-0.5873382320967082,11.329827673009303
pos_p2_q17,-23.257546225804987,11.340380320698975
pos_p4_q173,-0.563177377441716,11.353988527664296
pos_p0_q64,-23.277088118068523,11.35992221296251
pos_p0_q48,-23.28623350266801,11.369067597562
pos_p2_q223,-0.53734471537969,11.379821189726322
pos_p2_q41,-0.4882847952259548,11.428881109880058
pos_p0_q82,-23.364422270037988,11.447256364931976
pos_p4_q94,-0.434548424617637,11.482617480488376
pos_p2_q107,-0.41942291666117687,11.497742988444836
pos_p3_q166,-0.3747001928160283,11.542465712289983
pos_p4_q132,-0.3701231657688619,11.54704273933715
pos_p3_q77,-0.32776433711195224,11.58940156799406
pos_p3_q103,-0.3242740674403868,11.592891837665626
pos_p2_q183,-23.534579021706147,11.617413116600135
pos_p2_q62,-0.29252752881048466,11.624638376295527
pos_p3_q159,-0.2811739680635937,11.635991937042418
pos_p3_q219,-23.5644485145059,11.64728260939989
pos_p1_q14,-0.26398196670430946,11.653183938401703
pos_p1_q216,-23.605197276864875,11.688031371758862
pos_p3_q94,-23.614431177279286,11.697265272173274
pos_p0_q169,-23.656629105969532,11.73946320086352
pos_p4_q85,-0.16267664060789117,11.75448926449812
pos_p3_q158,-23.67456977115643,11.757403866050419
pos_p1_q150,-0.12438238140446854,11.792783523701544
pos_p2_q121,-23.756629740427723,11.83946383532171
pos_p3_q7,-0.045976713573375995,11.871189191532636
pos_p4_q101,-23.88299968845485,11.965833783348836
pos_p1_q236,0.08527017919850462,12.002436084304517
pos_p3_q47,-23.944041891578475,12.026875986472463
pos_p0_q65,-23.9658271252139,12.048661220107887
pos_p3_q145,0.13372890877550464,12.050894813881516
pos_p4_q45,0.16466818212334464,12.081834087229357
pos_p2_q178,-24.001248753443114,12.084082848337102
pos_p3_q101,-24.0014325597533,12.084266654647289
pos_p2_q3,-24.13280535966821,12.215639454562199
pos_p2_q180,-24.141999493774662,12.22483358866865
pos_p0_q173,-24.15345964085172,12.23629373574571
pos_p0_q37,0.3239498435898073,12.241115748695819
pos_p0_q47,-24.15913043102621,12.241964525920197
pos_p0_q93,-24.20990058811111,12.292734683005099
pos_p2_q48,-24.22216391177341,12.304998006667399
pos_p2_q29,-24.276202123321365,12.359036218215353
pos_p2_q231,-24.282947699771032,12.36578179466502
pos_p0_q99,-24.301115496844215,12.383949591738203
pos_p4_q219,0.48857650404788655,12.405742409153898
pos_p0_q138,0.5099878331685945,12.427153738274606
pos_p1_q64,-24.41094090099052,12.49377499588451
pos_p2_q100,-24.42783026612741,12.510664361021396
pos_p0_q40,-24.43966305026179,12.522497145155777
pos_p0_q186,-24.45305031295402,12.535884407848007
pos_p4_q80,0.678453361852079,12.59561926695809
pos_p2_q66,-24.56878256553077,12.651616660424759
pos_p0_q55,-24.581335888864103,12.664169983758091
pos_p3_q182,0.7568746044412362,12.674040509547249
pos_p3_q188,0.7619814117912338,12.679147316897247
pos_p1_q223,0.8540589485689303,12.771224853674942
pos_p2_q5,-24.754969026111926,12.837803121005914
pos_p1_q163,0.935731765497353,12.852897670603365
pos_p2_q209,-24.831086234308255,12.913920329202243
pos_p1_q84,1.0022683748609282,12.919434279966941
pos_p4_q91,1.0201065568870422,12.937272461993054
pos_p4_q221,-24.882385743849536,12.965219838743524
pos_p0_q231,-24.917171032760464,13.000005127654452
pos_p0_q54,1.1006845873242166,13.01785049243023
pos_p3_q80,-24.958455330415067,13.041289425309055
pos_p1_q148,1.1336288767777252,13.050794781883738
pos_p0_q196,-24.97305835807458,13.05589245296857
pos_p1_q40,-25.03564522361398,13.118479318507967
pos_p3_q68,1.2099377366421469,13.127103641748159
pos_p0_q125,1.2151034933843428,13.132269398490354
pos_p3_q176,1.251181873490388,13.1683477785964
pos_p1_q128,1.3134072627471176,13.23057316785313
pos_p0_q141,1.3448936693659985,13.26205957447201
pos_p1_q173,-25.180576679590306,13.263410774484294
pos_p2_q104,1.3622989662436562,13.279464871349669
pos_p1_q6,-25.207798868989197,13.290632963883185
pos_p1_q110,1.3847663568957425,13.301932262001754
pos_p1_q49,-25.231055258894948,13.313889353788936
pos_p3_q45,-25.238679367899174,13.321513462793162
pos_p1_q44,1.412728004996921,13.329893910102934
pos_p0_q112,-25.25526817269201,13.338102267585997
pos_p0_q60,-25.300642324563483,13.383476419457471
pos_p1_q16,-25.300938934508174,13.383773029402162
pos_p2_q42,-25.330323049943928,13.413157144837916
pos_p3_q50,1.5167741293627224,13.433940034468735
pos_p2_q173,-25.366004131173547,13.448838226067535
pos_p4_q9,1.542071344399631,13.459237249505643
pos_p1_q73,-25.37884001167569,13.461674106569676
pos_p1_q188,1.6376814582312549,13.554847363337267
pos_p4_q87,1.6527143550378898,13.569880260143902
pos_p4_q205,1.7343599017361566,13.65152580684217
pos_p2_q94,1.7620995451513852,13.679265450257397
pos_p0_q5,-25.606376242748958,13.689210337642946
pos_p0_q236,1.8225492497297602,13.739715154835773
pos_p0_q172,1.8330989162211342,13.750264821327146
pos_p0_q33,1.8346061708103447,13.751772075916357
pos_p2_q169,-25.75851037306024,13.841344467954228
pos_p0_q119,-25.765523221173147,13.848357316067135
pos_p2_q171,1.9594880249869513,13.876653930092964
pos_p2_q78,1.984757207856513,13.901923112962525
pos_p2_q53,2.005076940177198,13.922242845283211
pos_p2_q146,-25.85265779666788,13.935491891561869
pos_p1_q231,-25.9032720601131,13.986106155007088
pos_p2_q35,-25.912471274154882,13.99530536904887
pos_p3_q9,-25.928812501283858,14.011646596177846
pos_p2_q111,2.121710454342553,14.038876359448565
pos_p2_q216,-26.042197234921684,14.125031329815672
pos_p4_q40,2.290321583345743,14.207487488451754
pos_p1_q191,2.3076564132547888,14.2248223183608
pos_p4_q16,2.312762011135091,14.229927916241103
pos_p0_q94,2.313003716652028,14.23016962175804
pos_p1_q45,-26.152130972657595,14.234965067551583
pos_p2_q165,-26.198000970201583,14.280835065095571
pos_p1_q55,-26.263571837559812,14.3464059324538
pos_p1_q2,-26.307872952488015,14.390707047382003
pos_p4_q35,2.491710931442371,14.408876836548384
pos_p2_q135,2.4955894987259546,14.412755403831966
pos_p4_q222,2.5018178651146776,14.41898377022069
pos_p4_q233,2.5277657089390098,14.444931614045021
pos_p0_q49,-26.37250950238978,14.455343597283766
pos_p4_q32,2.5433622895827526,14.460528194688765
pos_p0_q32,-26.453793067245844,14.536627162139832
pos_p2_q119,-26.4688115589864,14.551645653880387
pos_p4_q43,2.6526332574538243,14.569799162559836
pos_p2_q27,2.672317538921594,14.589483444027607
pos_p0_q7,-26.532908152416876,14.615742247310864
pos_p3_q76,2.6998343561216323,14.617000261227645
pos_p2_q80,-26.534427085314906,14.617261180208894
pos_p2_q65,-26.544093742356146,14.626927837250134
pos_p3_q120,-26.589273418475752,14.67210751336974
pos_p3_q155,2.7762769008702635,14.693442805976275
pos_p3_q131,2.7788527452977267,14.696018650403738
pos_p4_q230,2.784197512817918,14.70136341792393
pos_p3_q49,-26.78894031079252,14.871774405686507
pos_p1_q187,2.9985852387776752,14.915751143883687
pos_p4_q21,3.038437080074694,14.955602985180706
pos_p3_q65,3.0768014588240438,14.993967363930055
pos_p1_q72,3.0800875859330077,14.99725349103902
pos_p1_q8,-26.927892333536818,15.010726428430806
pos_p1_q194,3.096439322688903,15.013605227794915
pos_p3_q151,3.1576823409438366,15.074848246049848
pos_p1_q127,-27.085951953492415,15.168786048386403
pos_p4_q59,3.2563457929638924,15.173511698069905
pos_p1_q180,-27.121686862746273,15.204520957640261
pos_p1_q124,-27.168373386463518,15.251207481357506
pos_p2_q56,-27.17661953279997,15.259453627693956
pos_p3_q181,3.3858160022044954,15.302981907310507
pos_p2_q120,-27.232387915662418,15.315222010556406
pos_p2_q8,-27.2754353469631,15.358269441857088
pos_p1_q168,3.5084011698860222,15.425567074992035
pos_p3_q11,3.5283510815428247,15.445516986648837
pos_p0_q62,-27.38870485817808,15.471538953072068
pos_p1_q15,3.5696422649515553,15.486808170057568
pos_p4_q68,3.5699774152114974,15.487143320317509
pos_p1_q77,3.578707834503658,15.49587373960967
pos_p2_q160,3.603327944677325,15.520493849783337
pos_p0_q74,-27.471388865190352,15.55422296008434
pos_p1_q103,-27.497836144422823,15.580670239316811
pos_p0_q63,-27.548574697857525,15.631408792751513
pos_p1_q151,3.7359643626085526,15.653130267714564
pos_p0_q126,3.7992739958709874,15.716439900976999
pos_p1_q56,-27.659920857128604,15.742754952022592
pos_p1_q139,3.8409269553981678,15.75809286050418
pos_p3_q146,-27.70214439016656,15.784978485060547
pos_p1_q12,3.915438180185488,15.8326040852915
pos_p1_q66,-27.76991163836041,15.852745733254396
pos_p3_q231,-27.77402363003967,15.85685772493366
pos_p3_q105,3.941625768233091,15.858791673339104
pos_p2_q124,-27.87787359819311,15.960707693087096
pos_p0_q161,4.044535625071522,15.961701530177535
pos_p2_q192,4.053058723086174,15.970224628192186
pos_p3_q42,-27.90438746143722,15.987221556331209
pos_p1_q197,-27.920207569244194,16.00304166413818
pos_p2_q6,-27.96041706163547,16.043251156529458
pos_p3_q16,4.163372258452802,16.080538163558813
pos_p1_q38,-28.043299633156852,16.12613372805084
pos_p2_q73,-28.151257165584628,16.234091260478614
pos_p4_q216,4.36689748178282,16.284063386888832
pos_p1_q145,4.372975318817205,16.290141223923218
pos_p1_q86,4.426337986563006,16.343503891669016
pos_p1_q3,-28.2638545479385,16.34668864283249
pos_p2_q228,4.441613615272942,16.358779520378953
pos_p2_q20,4.444739776047737,16.36190568115375
pos_p0_q224,4.45511314630128,16.372279051407293
pos_p2_q30,4.458686417827801,16.375852322933813
pos_p3_q163,4.480533985449254,16.397699890555266
pos_p1_q52,4.492687109415353,16.409853014521367
pos_p2_q95,-28.361626033525557,16.444460128419543
pos_p1_q100,-28.3960946478667,16.478928742760687
pos_p1_q201,4.600927919004362,16.518093824110373
pos_p4_q149,4.683473738183232,16.600639643289245
pos_p4_q76,4.699064284863516,16.616230189969528
pos_p1_q92,-28.5655272034183,16.648361298312288
pos_p1_q48,-28.582013035667458,16.664847130561448
pos_p1_q172,4.767284103521369,16.68445000862738
pos_p3_q1,4.814860163730391,16.732026068836404
pos_p1_q154,4.8165235076415565,16.73368941274757
pos_p3_q33,4.871714675752378,16.78888058085839
pos_p1_q99,-28.71276129687575,16.795595391769737
pos_p0_q162,5.001749903014203,16.918915808120214
pos_p3_q53,5.035473438084843,16.952639343190853
pos_p3_q115,5.055009254209369,16.97217515931538
pos_p0_q45,-28.907378579502435,16.990212674396425
pos_p2_q38,-29.007350515890884,17.090184610784874
pos_p4_q237,5.218957438869378,17.13612334397539
pos_p3_q85,5.23506539370137,17.152231298807383
pos_p3_q58,5.241793487659906,17.15895939276592
pos_p0_q136,5.2507121148289055,17.167878019934918
pos_p1_q203,-29.134897662816464,17.217731757710453
pos_p4_q208,5.345398321654011,17.262564226760023
pos_p2_q225,5.3525887277622575,17.26975463286827
pos_p3_q35,5.353465107887236,17.27063101299325
pos_p4_q109,5.389878276159907,17.30704418126592
pos_p2_q207,-29.231258024671998,17.314092119565984
pos_p0_q134,5.456917256951989,17.374083162058
pos_p2_q175,5.533406364196288,17.4505722693023
pos_p1_q161,5.572067927019651,17.489233832125663
pos_p3_q127,5.5778054564872,17.494971361593212
pos_p0_q148,5.582180262998139,17.49934616810415
pos_p3_q196,5.645554649226204,17.562720554332216
pos_p1_q131,5.677226089301587,17.594391994407598
pos_p3_q32,-29.60442223837469,17.687256333268678
pos_p4_q55,5.8448696207823385,17.76203552588835
pos_p3_q67,5.853115845715545,17.770281750821557
pos_p4_q214,5.854040066643253,17.771205971749264
pos_p4_q118,-29.801567075915838,17.884401170809824
pos_p3_q153,5.987442838356384,17.904608743462397
pos_p4_q104,6.009385963869807,17.92655186897582
pos_p3_q71,6.048547979706591,17.9657138848126
pos_p2_q91,-29.997747201050437,18.080581295944427
pos_p3_q12,6.1864630218894785,18.10362892699549
pos_p2_q182,6.228129829078557,18.145295734184568
pos_p2_q19,-30.127600146264868,18.210434241158858
pos_p1_q22,6.3819034536834,18.29906935878941
pos_p3_q190,-30.21853374152951,18.301367836423495
pos_p0_q42,-30.232892287213744,18.315726382107734
pos_p1_q107,6.45104230875288,18.368208213858892
pos_p3_q164,6.490194683446782,18.407360588552795
pos_p2_q217,-30.44018676900946,18.523020863903447
pos_p0_q108,6.683279075068692,18.600444980174704
pos_p3_q6,-30.622908044127524,18.70574213902151
pos_p3_q108,6.805144293923615,18.72231019902963
pos_p0_q120,-30.69566984181712,18.77850393671111
pos_p4_q82,6.91542372662783,18.832589631733843
pos_p2_q68,6.9613918854636125,18.878557790569623
pos_p1_q13,-30.843397829542074,18.92623192443606
pos_p3_q36,7.035108270267812,18.952274175373823
pos_p4_q170,7.0454508245330825,18.962616729639095
pos_p3_q89,-31.121055317044828,19.203889411938817
pos_p0_q80,-31.199247965744814,19.2820820606388
pos_p0_q6,-31.27283548110737,19.35566957600136
pos_p4_q122,7.510054892799717,19.42722079790573
pos_p0_q56,-31.36680249344417,19.44963658833816
pos_p1_q159,7.573404136665018,19.49057004177103
pos_p0_q12,7.613037142137837,19.530203047243848
pos_p2_q221,-31.448855592350878,19.531689687244864
pos_p3_q92,-31.49887085490251,19.581704949796496
pos_p0_q90,7.665228903582648,19.58239480868866
pos_p3_q235,7.6845797080502525,19.601745613156265
pos_p3_q179,-31.57517826191131,19.6580123568053
pos_p0_q18,-31.587324730083832,19.67015882497782
pos_p2_q179,-31.66880690094324,19.751640995837228
pos_p0_q234,-31.710246644134884,19.793080739028873
pos_p0_q92,-31.740879732719886,19.823713827613872
pos_p3_q40,7.923142043231133,19.840307948337145
pos_p2_q126,7.925943315053544,19.843109220159555
pos_p2_q131,7.933833586988985,19.850999492095
pos_p2_q194,7.9562074183182965,19.87337332342431
pos_p1_q105,8.010199009676121,19.92736491478213
pos_p4_q181,8.058075169455785,19.975241074561797
pos_p2_q137,-31.906960258248112,19.989794353142102
pos_p0_q109,-31.925775160253057,20.008609255147043
pos_p4_q232,8.09597349024005,20.013139395346062
pos_p4_q15,8.202834851830394,20.120000756936406
pos_p3_q132,8.258747859588246,20.175913764694258
pos_p3_q18,-32.10803771263865,20.190871807532638
pos_p2_q154,8.30581370665131,20.222979611757324
pos_p4_q6,8.328128945299973,20.245294850405983
pos_p1_q17,-32.17986951091009,20.262703605804077
pos_p3_q41,8.438598827196135,20.35576473230215
pos_p3_q148,8.49028288375692,20.407448788862933
pos_p0_q118,-32.33735122839595,20.420185323289942
pos_p1_q121,-32.413348915122995,20.496183010016985
pos_p2_q85,8.586117194834474,20.503283099940486
pos_p4_q235,8.59421469306343,20.511380598169442
pos_p1_q179,-32.462300983741954,20.545135078635944
pos_p2_q203,-32.468880491089145,20.551714585983134
pos_p3_q205,8.697721224042596,20.614887129148606
pos_p1_q138,8.856730728021473,20.773896633127485
pos_p2_q202,8.880058622785967,20.797224527891977
pos_p4_q1,8.889042473562359,20.806208378668373
pos_p3_q15,8.92318422344882,20.84035012855483
pos_p3_q203,-32.763450853731804,20.846284948625794
pos_p3_q224,9.105048733627841,21.022214638733853
pos_p2_q143,9.142460614366204,21.059626519472218
pos_p0_q219,-33.019485092110344,21.102319187004333
pos_p0_q167,-33.1010927049825,21.183926799876488
pos_p3_q208,-33.12264790151251,21.205481996406498
pos_p0_q66,-33.157200443720384,21.240034538614374
pos_p3_q43,-33.221957362610695,21.304791457504685
pos_p1_q101,-33.27236032682844,21.35519442172243
pos_p2_q236,9.449715193174471,21.366881098280484
pos_p1_q198,9.463391450774678,21.38055735588069
pos_p4_q96,9.562608913871971,21.479774818977983
pos_p1_q219,-33.41688508313316,21.49971917802715
pos_p4_q0,9.66042453166396,21.577590436769974
pos_p2_q206,9.687433268791276,21.604599173897288
pos_p0_q17,-33.54074173379898,21.62357582869297
pos_p3_q107,9.821569517667553,21.738735422773566
pos_p3_q168,10.16125889835762,22.078424803463633
pos_p3_q39,-34.074114256003604,22.156948350897594
pos_p0_q209,-34.15219190644605,22.23502600134004
pos_p4_q17,-34.1735042079464,22.25633830284039
pos_p4_q33,10.42917804045739,22.346343945563405
pos_p4_q100,10.4451046857351,22.362270590841113
pos_p1_q24,10.455105962511917,22.37227186761793
pos_p0_q24,10.459750740962107,22.376916646068118
pos_p4_q209,10.569261071660838,22.48642697676685
pos_p4_q200,10.578423191595878,22.49558909670189
pos_p3_q149,-34.41718379836294,22.50001789325693
pos_p1_q224,10.59185469577056,22.509020600876575
pos_p1_q210,10.60557444127673,22.52274034638274
pos_p4_q58,10.681229123968345,22.598395029074357
pos_p3_q86,10.71583543496415,22.633001340070162
pos_p1_q93,10.731629422667304,22.648795327773314
pos_p2_q224,10.74388115432439,22.661047059430402
pos_p4_q29,10.744335984828604,22.661501889934616
pos_p1_q166,10.76653637869962,22.68370228380563
pos_p4_q63,10.787065113703322,22.704231018809335
pos_p0_q178,-34.65975355610811,22.742587651002097
pos_p4_q23,10.842644689088138,22.75981059419415
pos_p0_q78,10.875399637654056,22.792565542760066
pos_p4_q57,11.001006898864693,22.918172803970705
pos_p3_q21,11.005029190417666,22.922195095523676
pos_p4_q131,11.034396326854022,22.951562231960033
pos_p1_q123,11.0486323420182,22.965798247124212
pos_p0_q181,-34.89996330108499,22.982797395978977
pos_p4_q182,11.08655902930121,23.003724934407224
pos_p2_q102,11.090258634451972,23.007424539557984
pos_p4_q50,11.228035997619862,23.145201902725873
pos_p1_q89,-35.10029468644019,23.183128781334183
pos_p0_q121,-35.132601240156106,23.215435335050095
pos_p3_q212,11.411555265378363,23.328721170484375
pos_p4_q95,11.47348340046054,23.39064930556655
pos_p4_q83,11.48964730699985,23.40681321210586
pos_p2_q190,-35.39494616871319,23.47778026360718
pos_p4_q103,11.590552627422179,23.50771853252819
pos_p0_q164,11.647845576024116,23.565011481130128
pos_p0_q218,11.682347921415378,23.599513826521388
pos_p2_q84,11.726619985585174,23.643785890691184
pos_p3_q54,11.79700322380451,23.71416912891052
pos_p1_q106,11.863127106199324,23.780293011305336
pos_p4_q194,11.93387716071322,23.851043065819233
pos_p2_q26,12.011270412886907,23.92843631799292
pos_p4_q146,12.026227088440105,23.94339299354612
pos_p2_q201,12.03531684786546,23.95248275297147
pos_p4_q51,12.041289235567985,23.958455140673998
pos_p1_q126,12.082248663443316,23.999414568549327
pos_p3_q13,-35.945628933297016,24.028463028191005
pos_p1_q211,12.266283341532834,24.183449246638844
pos_p3_q3,-36.12796105450245,24.21079514939644
pos_p3_q199,12.302285818243165,24.219451723349177
pos_p2_q212,12.319265004431427,24.23643090953744
pos_p2_q106,12.335402261140374,24.252568166246384
pos_p0_q149,-36.224953647134114,24.307787742028104
pos_p1_q229,-36.25611197752865,24.338946072422637
pos_p3_q152,12.491021129790047,24.40818703489606
pos_p3_q135,12.527134182909904,24.444300088015915
pos_p0_q114,-36.417974146358226,24.500808241252216
pos_p1_q34,12.63093536580498,24.54810127091099
pos_p0_q20,12.81791942077472,24.735085325880732
pos_p2_q176,-36.665678344025714,24.748512438919704
pos_p4_q48,12.978908257999171,24.896074163105183
pos_p0_q30,13.017615956556156,24.934781861662167
pos_p4_q71,13.022693944743493,24.939859849849505
pos_p0_q144,-36.861912434009646,24.944746528903636
pos_p2_q136,13.034622197539612,24.951788102645622
pos_p0_q3,-37.10089082534819,25.183724920242177
pos_p4_q217,13.382320842460144,25.299486747566156
pos_p4_q24,13.392080080485766,25.30924598559178
pos_p0_q206,13.448566244637545,25.365732149743557
pos_p1_q90,13.603866985666667,25.52103289077268
pos_p4_q60,-37.496841495971864,25.579675590865854
pos_p2_q141,13.678091319366901,25.595257224472913
pos_p3_q72,13.710663355791754,25.627829260897766
pos_p4_q106,13.77970051289826,25.696866418004273
pos_p2_q129,13.812092409041854,25.729258314147867
pos_p3_q167,-37.68078309192631,25.763617186820298
pos_p4_q116,13.890794328651694,25.807960233757704
pos_p4_q204,13.966679984692659,25.88384588979867
pos_p2_q89,-37.87799336084039,25.960827455734382
pos_p3_q23,14.052096405670257,25.96926231077627
pos_p2_q198,14.23955815825021,26.156724063356222
pos_p4_q145,14.271580475104384,26.188746380210397
pos_p0_q229,-38.125308918294444,26.208143013188433
pos_p0_q179,-38.16317346642853,26.24600756132252
pos_p3_q142,14.371729561914531,26.288895467020545
pos_p2_q81,14.37780708284714,26.29497298795315
pos_p0_q210,14.381776369696084,26.298942274802094
pos_p4_q196,14.42871632591219,26.3458822310182
pos_p4_q135,14.429763389724634,26.346929294830645
pos_p4_q8,14.443580908567656,26.360746813673668
pos_p4_q25,14.449920398639204,26.367086303745218
pos_p0_q177,-38.333005621976284,26.415839716870273
pos_p4_q191,14.545662954306511,26.462828859412525
pos_p1_q30,14.612614803792443,26.529780708898457
pos_p1_q136,14.663500481543796,26.58066638664981
pos_p0_q39,-38.509476531478185,26.592310626372175
pos_p4_q133,14.729950508956465,26.647116414062477
pos_p1_q164,14.770200157941284,26.687366063047296
pos_p1_q195,-38.62110451422343,26.703938609117422
pos_p3_q130,14.800365440453854,26.717531345559866
pos_p4_q61,14.865465867517424,26.782631772623436
pos_p3_q52,14.919841056234139,26.83700696134015
pos_p4_q111,15.033508312826754,26.950674217932765
pos_p0_q89,-38.873361695574054,26.956195790468044
pos_p3_q177,-38.90825048297041,26.9910845778644
pos_p4_q197,15.10949680405117,27.026662709157183
pos_p4_q69,15.180980641196266,27.098146546302278
pos_p2_q134,15.206318667144908,27.12348457225092
pos_p3_q93,15.399315043855557,27.31648094896157
pos_p0_q184,-39.25781515834258,27.34064925323657
pos_p0_q147,15.447890441783212,27.365056346889226
pos_p4_q11,15.663071367772314,27.58023727287833
pos_p2_q218,15.670911491485025,27.58807739659104
pos_p0_q146,-39.52190887966439,27.604742974558377
pos_p4_q158,15.720063594251812,27.637229499357822
pos_p0_q221,-39.71405756471488,27.796891659608868
pos_p2_q147,15.958009979251191,27.875175884357205
pos_p0_q137,-39.85451419742546,27.93734829231945
pos_p4_q28,16.02372648501174,27.940892390117753
pos_p4_q223,16.037420069370413,27.954585974476423
pos_p3_q206,16.12337734655162,28.04054325165763
pos_p3_q46,16.204100042231357,28.12126594733737
pos_p3_q143,16.208393488921864,28.125559394027874
pos_p3_q38,-40.06922071409869,28.15205480899268
pos_p0_q212,16.257911986104904,28.17507789121092
pos_p3_q200,16.47950037150987,28.396666276615882
pos_p1_q61,16.511741925831615,28.428907830937625
pos_p1_q129,16.545541429870664,28.462707334976677
pos_p4_q160,16.58557754786976,28.50274345297577
pos_p0_q190,-40.43321355456553,28.516047649459523
pos_p1_q225,16.59988488850429,28.517050793610302
pos_p3_q172,16.61700413630959,28.5341700414156
pos_p4_q139,16.641872536522957,28.55903844162897
pos_p4_q171,16.696387068775135,28.61355297388115
pos_p3_q129,16.73571848586051,28.65288439096652
pos_p4_q151,16.743200376412172,28.660366281518186
pos_p4_q202,16.773475729139758,28.69064163424577
pos_p4_q193,16.777833821661517,28.694999726767527
pos_p1_q98,16.872500908600642,28.789666813706653
pos_p4_q148,16.88212543312134,28.799291338227356
pos_p4_q128,16.888587927741675,28.805753832847685
pos_p4_q229,16.970182780571637,28.88734868567765
pos_p0_q84,17.025287417272946,28.94245332237896
pos_p2_q162,17.09230606088182,29.009471965987835
pos_p2_q98,17.14359823914464,29.060764144250655
pos_p4_q110,17.176143722033565,29.093309627139575
pos_p1_q118,-41.051196978993055,29.134031073887044
pos_p4_q115,17.24036268721363,29.157528592319643
pos_p4_q226,17.25591539202366,29.17308129712967
pos_p0_q124,-41.101143140486634,29.183977235380624
pos_p4_q105,17.29277886664846,29.209944771754472
pos_p3_q209,-41.13041968295394,29.21325377784793
pos_p0_q203,-41.1343610769181,29.217195171812087
pos_p4_q31,17.39360300129423,29.31076890640024
pos_p1_q70,17.397033784245913,29.314199689351923
pos_p2_q10,17.5065145673455,29.423680472451515
pos_p3_q138,17.525406226389507,29.442572131495517
pos_p0_q61,17.670132781504584,29.587298686610595
pos_p3_q193,17.77138981126813,29.68855571637414
pos_p1_q141,17.85170161806247,29.76886752316848
pos_p4_q169,18.002753320457707,29.919919225563717
pos_p4_q72,18.16440488321589,30.081570788321905
pos_p3_q156,18.173150412144544,30.090316317250554
pos_p4_q143,18.203611655211922,30.120777560317933
pos_p4_q168,18.23891479643985,30.15608070154586
pos_p3_q22,18.285948705339646,30.20311461044566
pos_p3_q28,18.346904506619982,30.264070411725996
pos_p0_q211,18.494113072944188,30.4112789780502
pos_p3_q118,-42.33525185754206,30.41808595243605
pos_p3_q136,18.509737927052026,30.42690383215804
pos_p3_q25,18.523152066358797,30.440317971464808
pos_p0_q70,18.83837725444,30.755543159546015
pos_p0_q129,18.83861501611309,30.7557809212191
pos_p3_q30,18.912522467812764,30.829688372918774
pos_p3_q98,18.962280918753397,30.87944682385941
pos_p4_q157,19.028924938452462,30.946090843558473
pos_p0_q38,-42.9724964410149,31.055330535908887
pos_p4_q187,19.343566030285928,31.260731935391938
pos_p4_q140,19.45956344288376,31.376729347989773
pos_p1_q206,19.506351678150416,31.423517583256427
pos_p1_q175,19.586954873929486,31.504120779035496
pos_p3_q51,19.67604645192914,31.59321235703515
pos_p0_q97,-43.55592332816038,31.638757423054372
pos_p4_q27,19.766786904951914,31.683952810057924
pos_p2_q61,19.84801914805456,31.76518505316057
pos_p0_q176,-43.68725534719991,31.770089442093898
pos_p0_q215,20.073759740492353,31.990925645598367
pos_p4_q163,20.1385528969181,32.05571880202411
pos_p3_q106,20.186645465408585,32.1038113705146
pos_p0_q238,20.213020788753973,32.13018669385998
pos_p3_q128,20.412557725653944,32.32972363075996
pos_p4_q155,20.467468591785615,32.38463449689163
pos_p4_q52,20.54840768147356,32.46557358657957
pos_p1_q192,20.57526049937119,32.4924264044772
pos_p4_q166,20.640374515634008,32.55754042074002
pos_p0_q51,20.698310338233608,32.61547624333962
pos_p0_q235,20.708335076576724,32.625500981682734
pos_p2_q238,20.725869423915775,32.643035329021785
pos_p4_q67,20.749397357924867,32.66656326303088
pos_p1_q20,20.870183731694237,32.78734963680025
pos_p1_q162,20.902681499020368,32.81984740412638
pos_p4_q54,20.96076501557318,32.87793092067919
pos_p3_q211,21.012735869457483,32.9299017745635
pos_p4_q142,21.043305741792427,32.96047164689844
pos_p4_q238,21.074264113092678,32.99143001819869
pos_p4_q123,21.148756973794963,33.06592287890098
pos_p4_q189,21.225389008831275,33.14255491393729
pos_p1_q78,21.37797242561407,33.295138330720086
pos_p4_q213,21.470663198654247,33.38782910376026
pos_p1_q147,21.66885354675218,33.58601945185819
pos_p0_q98,21.711419931423432,33.628585836529446
pos_p1_q10,21.726455544246896,33.643621449352906
pos_p3_q17,-45.604194541993124,33.68702863688711
pos_p3_q221,-45.784434998438265,33.867269093332254
pos_p4_q4,22.03427227756079,33.951438182666806
pos_p2_q159,22.18341137238268,34.10057727748869
pos_p3_q69,22.38554292012792,34.302708825233935
pos_p3_q20,22.601287223572566,34.51845312867858
pos_p3_q84,22.624485995298272,34.54165190040428
pos_p3_q210,22.64192207403996,34.55908797914597
pos_p1_q212,22.70226724949019,34.6194331545962
pos_p3_q184,-46.77517588436286,34.85800997925685
pos_p4_q161,22.98371879821677,34.90088470332278
pos_p4_q156,23.133949731062668,35.05111563616868
pos_p4_q14,23.158838138367106,35.07600404347312
pos_p4_q154,23.202568674851513,35.11973457995752
pos_p4_q93,23.209855895408644,35.127021800514655
pos_p1_q75,23.306501131619545,35.22366703672556
pos_p4_q185,23.4060376865179,35.323203591623916
pos_p4_q7,23.53560167557787,35.45276758068388
pos_p3_q225,23.553517457818643,35.47068336292465
pos_p4_q153,23.579770432694083,35.49693633780009
pos_p4_q65,23.637311863768293,35.55447776887431
pos_p3_q144,23.63798599140997,35.55515189651598
pos_p4_q77,23.6629752423161,35.58014114742211
pos_p1_q238,23.681295762231866,35.59846166733788
pos_p3_q202,23.69351932721814,35.61068523232415
pos_p2_q215,23.78328258193957,35.700448487045584
pos_p4_q129,23.88178155664801,35.798947461754025
pos_p4_q239,23.908516267124387,35.8256821722304
pos_p4_q44,23.92561951066171,35.84278541576772
pos_p1_q215,24.383182909755487,36.3003488148615
pos_p4_q220,24.39336368332293,36.31052958842894
pos_p4_q107,24.48317857610211,36.40034448120812
pos_p4_q84,24.505246058932883,36.42241196403889
pos_p2_q70,24.560124140648835,36.47729004575485
pos_p2_q172,24.57797404623999,36.495139951346005
pos_p3_q90,24.7749095919967,36.692075497102714
pos_p3_q238,24.860329534692212,36.77749543979822
pos_p4_q224,25.133231237195574,37.050397142301584
pos_p3_q123,25.21212045107182,37.12928635617783
pos_p3_q161,25.291404157440184,37.208570062546194
pos_p4_q26,25.7015606607189,37.618726565824915
pos_p3_q157,25.8413767895645,37.75854269467051
pos_p4_q210,25.844511204208676,37.76167710931469
pos_p4_q46,26.13442440201535,38.051590307121366
pos_p4_q34,26.28383099580634,38.20099690091235
pos_p0_q75,26.40614819583787,38.32331410094388
pos_p3_q150,26.51313292280134,38.43029882790735
pos_p2_q211,26.591107549203414,38.508273454309425
pos_p4_q172,26.90097880870455,38.81814471381056
pos_p4_q152,27.47817752507044,39.39534343017645
pos_p4_q41,27.495144260294907,39.41231016540092
pos_p4_q125,27.728852985290157,39.64601889039617
pos_p4_q162,27.83075585128717,39.74792175639318
pos_p4_q90,27.923421875701944,39.84058778080796
pos_p1_q81,28.317068408577985,40.234234313684
pos_p3_q125,28.510738007890033,40.427903912996044
pos_p4_q159,28.568704236620707,40.48587014172672
pos_p1_q26,28.60818699146565,40.52535289657166
pos_p3_q110,28.88272920393792,40.79989510904393
pos_p4_q12,29.218290249242735,41.135456154348745
pos_p3_q201,29.26911383115457,41.18627973626058
pos_p3_q171,29.64455949776591,41.56172540287192
pos_p4_q211,29.67304373766013,41.59020964276614
pos_p0_q175,29.94438953147671,41.86155543658272
pos_p2_q75,29.957804807436133,41.874970712542144
pos_p4_q212,30.114433824213027,42.03159972931904
pos_p0_q26,30.464366225740672,42.381532130846686
pos_p4_q53,30.667480329895113,42.584646235001124
pos_p0_q81,30.762841009662907,42.68000691476892
pos_p3_q10,30.927135468693656,42.84430137379967
pos_p4_q108,30.950716552358276,42.86788245746429
pos_p3_q154,31.01891785583941,42.93608376094542
pos_p4_q150,31.088987789080672,43.006153694186686
pos_p3_q187,31.679844485187758,43.59701039029377
pos_p4_q78,31.785240490472493,43.70240639557851
pos_p4_q22,31.892590438417542,43.80975634352355
pos_p0_q10,31.93842337285405,43.855589277960064
pos_p0_q225,31.981594403144047,43.89876030825006
pos_p1_q134,31.994263740068046,43.91142964517406
pos_p3_q4,32.06560961082139,43.9827755159274
pos_p4_q225,32.24401240704772,44.16117831215373
pos_p4_q62,32.25772659296948,44.174892498075494
pos_p4_q117,32.52920768383898,44.446373588944994
pos_p4_q188,32.59275126946331,44.50991717456932
pos_p4_q186,33.08505515611353,45.002221061219544
pos_p0_q198,33.12067047608614,45.03783638119215
pos_p0_q79,33.45969249846738,45.376858403573394
pos_p3_q147,33.47984156555058,45.39700747065659
pos_p3_q26,33.48926722126064,45.40643312636665
pos_p4_q126,33.73025152212404,45.64741742723005
pos_p3_q192,34.02495502353722,45.94212092864323
pos_p1_q218,34.43331792554167,46.35048383064768
pos_p1_q108,34.519086999069856,46.436252904175866
pos_p4_q79,34.67046611569632,46.58763202080233
pos_p4_q201,35.22398153758331,47.141147442689324
pos_p3_q24,35.516562621062434,47.433728526168444
pos_p4_q215,35.548791456442224,47.465957361548234
pos_p2_q79,35.772192284323886,47.689358189429896
pos_p4_q130,35.89855023723142,47.81571614233743
pos_p1_q88,36.007056546887576,47.924222451993586
pos_p2_q88,36.14977250658761,48.06693841169362
pos_p3_q126,36.164618728624795,48.081784633730805
pos_p3_q198,36.24722495934717,48.16439086445318
pos_p4_q30,36.81851906348329,48.735684968589304
pos_p3_q134,36.91150883585191,48.82867474095792
pos_p3_q81,37.15068592261687,49.06785182772288
pos_p4_q192,37.49938864986242,49.41655455496843
pos_p4_q138,37.50151801195186,49.41868391705787
pos_p4_q206,37.665453326071905,49.582619231177915
pos_p4_q86,37.79970652380857,49.71687242891458
pos_p4_q20,37.84440692054887,49.76157282565488
pos_p1_q79,38.54353010187474,50.46069600698075
pos_p3_q175,38.76969803082252,50.68686393592853
pos_p0_q88,38.90457826296957,50.82174416807558
pos_p4_q70,39.39206106831757,51.30922697342358
pos_p3_q61,40.18372870380146,52.10089460890747
pos_p3_q215,40.251024166752444,52.168190071858454
pos_p4_q218,41.00189398968916,52.91905989479517
pos_p4_q198,41.0684157139708,52.98558161907681
pos_p4_q141,41.86445825568728,53.78162416079329
pos_p4_q10,41.96499986364809,53.8821657687541
pos_p4_q75,42.39489953079314,54.31206543589915
pos_p3_q218,42.69719797048054,54.61436387558655
pos_p3_q75,45.173689868488324,57.090855773594335
pos_p4_q102,45.3887851648387,57.30595106994471
pos_p4_q98,45.51149668142017,57.42866258652618
pos_p4_q136,46.34856071088217,58.26572661598818
pos_p4_q175,46.474765045463286,58.3919309505693
pos_p4_q147,46.70073813962241,58.61790404472842
pos_p4_q37,46.77630384308387,58.693469748189884
pos_p4_q134,47.40481803545163,59.321983940557644
pos_p4_q88,48.025295849781685,59.942461754887695
pos_p4_q164,48.78833637385162,60.70550227895763
pos_p3_q162,48.95165932339379,60.8688252284998
pos_p3_q141,55.06332048679006,66.98048639189608
pos_p3_q88,55.32228986180935,67.23945576691537
pos_p3_q79,55.76419284209487,67.68135874720089
pos_p4_q81,58.40672866417653,70.32389456928254
pos_p3_q70,61.784506341952614,73.70167224705862
